run_type,seed,model,vina_kcal_mol,slahs_min_A,lvtkl_min_A,slahs_contact_le4A,lvtkl_contact_le4A,dual_contact_le4A
historical_original,20260911,COMBO_001,-4.124,3.2239,2.9314,1,1,1
historical_original,20260911,COMBO_002,-4.722,3.2939,2.9015,1,1,1
historical_original,20260911,COMBO_003,-4.375,3.3458,2.8565,1,1,1
historical_original,20260911,COMBO_004,-4.292,2.968,3.5234,1,1,1
historical_original,20260911,COMBO_005,-4.697,2.9254,3.0859,1,1,1
historical_original,20260911,COMBO_006,-4.725,2.9855,3.2915,1,1,1
historical_original,20260911,COMBO_007,-4.22,2.7638,3.384,1,1,1
historical_original,20260911,COMBO_008,-4.824,3.0901,2.9585,1,1,1
historical_original,20260911,COMBO_009,-4.716,2.8763,3.3752,1,1,1
historical_original,20260911,COMBO_010,-4.954,3.0795,3.4954,1,1,1
historical_original,20260911,COMBO_011,-5.748,2.7934,2.6882,1,1,1
historical_original,20260911,COMBO_012,-4.99,3.0476,3.4047,1,1,1
historical_original,20260911,COMBO_013,-4.181,3.004,2.9455,1,1,1
historical_original,20260911,COMBO_014,-4.238,3.1321,3.0891,1,1,1
historical_original,20260911,COMBO_015,-4.487,3.0279,3.0164,1,1,1
historical_original,20260911,COMBO_016,-4.789,3.3786,2.9594,1,1,1
historical_original,20260911,COMBO_017,-4.985,3.0728,3.1182,1,1,1
historical_original,20260911,COMBO_018,-5.028,3.4928,2.7296,1,1,1
historical_original,20260911,COMBO_019,-5.164,3.175,3.0318,1,1,1
historical_original,20260911,COMBO_020,-4.407,2.8957,3.421,1,1,1
historical_original,20260911,COMBO_021,-4.988,3.3488,2.8224,1,1,1
historical_original,20260911,COMBO_022,-4.703,3.5488,3.098,1,1,1
historical_original,20260911,COMBO_023,-4.514,3.5694,3.0161,1,1,1
historical_original,20260911,COMBO_024,-4.228,3.0472,2.9452,1,1,1
historical_original,20260911,COMBO_025,-5.216,3.1597,3.0787,1,1,1
historical_original,20260911,COMBO_026,-5.008,3.023,3.3279,1,1,1
historical_original,20260911,COMBO_027,-4.618,2.9423,2.9542,1,1,1
historical_original,20260911,COMBO_028,-4.605,3.0677,2.8825,1,1,1
historical_original,20260911,COMBO_029,-4.428,3.1382,2.9508,1,1,1
historical_original,20260911,COMBO_030,-5.312,3.0873,3.2307,1,1,1
historical_original,20260911,COMBO_031,-5.332,2.8925,2.8148,1,1,1
historical_original,20260911,COMBO_032,-4.479,3.0088,2.8516,1,1,1
historical_original,20260911,COMBO_033,-4.48,3.2563,3.0195,1,1,1
historical_original,20260911,COMBO_034,-4.243,3.1131,2.8488,1,1,1
historical_original,20260911,COMBO_035,-5.21,2.9377,3.0901,1,1,1
historical_original,20260911,COMBO_036,-5.013,3.5768,2.8109,1,1,1
historical_original,20260911,COMBO_037,-4.457,2.8318,2.809,1,1,1
historical_original,20260911,COMBO_038,-4.589,3.0728,3.6378,1,1,1
historical_original,20260911,COMBO_039,-4.372,2.8941,3.5876,1,1,1
historical_original,20260911,COMBO_040,-4.233,2.8789,3.8012,1,1,1
historical_original,20260911,COMBO_041,-4.738,3.0438,2.7028,1,1,1
historical_original,20260911,COMBO_042,-4.981,3.1398,3.0091,1,1,1
historical_original,20260911,COMBO_043,-4.201,4.5093,2.9543,0,1,0
historical_original,20260911,COMBO_044,-5.303,2.9428,3.0221,1,1,1
historical_original,20260911,COMBO_045,-4.592,2.987,3.4832,1,1,1
historical_original,20260911,COMBO_046,-4.688,3.4788,2.9291,1,1,1
historical_original,20260911,COMBO_047,-4.827,2.934,2.9541,1,1,1
historical_original,20260911,COMBO_048,-4.752,3.0032,2.8513,1,1,1
sensitivity,20260921,COMBO_001,-4.383,3.4752,3.3245,1,1,1
sensitivity,20260921,COMBO_002,-5.225,2.8039,3.0325,1,1,1
sensitivity,20260921,COMBO_003,-4.362,3.0319,3.3764,1,1,1
sensitivity,20260921,COMBO_004,-4.204,2.9796,3.0614,1,1,1
sensitivity,20260921,COMBO_005,-5.383,3.0446,3.6484,1,1,1
sensitivity,20260921,COMBO_006,-4.977,3.1857,3.0942,1,1,1
sensitivity,20260921,COMBO_007,-4.633,2.9035,3.3069,1,1,1
sensitivity,20260921,COMBO_008,-4.905,3.1049,3.1267,1,1,1
sensitivity,20260921,COMBO_009,-4.598,3.3338,2.9597,1,1,1
sensitivity,20260921,COMBO_010,-4.133,3.1863,2.9632,1,1,1
sensitivity,20260921,COMBO_011,-5.171,3.6303,2.8926,1,1,1
sensitivity,20260921,COMBO_012,-4.653,2.8544,3.0739,1,1,1
sensitivity,20260921,COMBO_013,-5.139,3.0251,2.9495,1,1,1
sensitivity,20260921,COMBO_014,-4.644,3.2122,2.8048,1,1,1
sensitivity,20260921,COMBO_015,-5.005,3.1006,2.9361,1,1,1
sensitivity,20260921,COMBO_016,-4.13,3.1176,2.8057,1,1,1
sensitivity,20260921,COMBO_017,-4.804,2.9352,2.8684,1,1,1
sensitivity,20260921,COMBO_018,-4.752,2.7999,3.1826,1,1,1
sensitivity,20260921,COMBO_019,-5.006,2.8182,2.8935,1,1,1
sensitivity,20260921,COMBO_020,-5.324,2.6987,2.912,1,1,1
sensitivity,20260921,COMBO_021,-4.664,3.0428,3.1333,1,1,1
sensitivity,20260921,COMBO_022,-4.75,2.8046,3.1636,1,1,1
sensitivity,20260921,COMBO_023,-4.835,3.1874,3.3947,1,1,1
sensitivity,20260921,COMBO_024,-4.149,3.0171,2.9992,1,1,1
sensitivity,20260921,COMBO_025,-4.236,2.9285,3.2837,1,1,1
sensitivity,20260921,COMBO_026,-4.587,2.8881,2.8274,1,1,1
sensitivity,20260921,COMBO_027,-4.245,3.0655,3.5385,1,1,1
sensitivity,20260921,COMBO_028,-4.647,3.141,2.9526,1,1,1
sensitivity,20260921,COMBO_029,-4.37,3.6668,3.4369,1,1,1
sensitivity,20260921,COMBO_030,-4.534,3.6455,2.8217,1,1,1
sensitivity,20260921,COMBO_031,-4.862,2.9087,3.3962,1,1,1
sensitivity,20260921,COMBO_032,-5.008,3.0084,3.1217,1,1,1
sensitivity,20260921,COMBO_033,-4.727,3.1532,3.3307,1,1,1
sensitivity,20260921,COMBO_034,-4.499,3.0554,2.7952,1,1,1
sensitivity,20260921,COMBO_035,-4.643,2.9978,2.9207,1,1,1
sensitivity,20260921,COMBO_036,-4.481,3.2609,3.5877,1,1,1
sensitivity,20260921,COMBO_037,-4.856,2.8641,3.0376,1,1,1
sensitivity,20260921,COMBO_038,-4.747,3.0483,2.8857,1,1,1
sensitivity,20260921,COMBO_039,-4.568,3.1386,2.9675,1,1,1
sensitivity,20260921,COMBO_040,-4.452,2.8664,3.3764,1,1,1
sensitivity,20260921,COMBO_041,-4.366,3.112,2.9789,1,1,1
sensitivity,20260921,COMBO_042,-4.74,3.0915,2.8041,1,1,1
sensitivity,20260921,COMBO_043,-5.144,2.8038,3.0239,1,1,1
sensitivity,20260921,COMBO_044,-4.457,3.0015,2.8566,1,1,1
sensitivity,20260921,COMBO_045,-4.584,2.9686,3.0612,1,1,1
sensitivity,20260921,COMBO_046,-5.069,2.9089,3.4809,1,1,1
sensitivity,20260921,COMBO_047,-4.608,3.0859,3.116,1,1,1
sensitivity,20260921,COMBO_048,-4.697,2.9319,3.2535,1,1,1
sensitivity,20260922,COMBO_001,-4.925,2.8757,2.9284,1,1,1
sensitivity,20260922,COMBO_002,-4.233,3.0054,3.151,1,1,1
sensitivity,20260922,COMBO_003,-4.804,2.8649,3.0578,1,1,1
sensitivity,20260922,COMBO_004,-5.198,2.8489,3.4929,1,1,1
sensitivity,20260922,COMBO_005,-5.186,2.8017,2.9167,1,1,1
sensitivity,20260922,COMBO_006,-4.81,2.936,3.011,1,1,1
sensitivity,20260922,COMBO_007,-4.143,2.9053,2.8199,1,1,1
sensitivity,20260922,COMBO_008,-4.932,3.0774,2.9875,1,1,1
sensitivity,20260922,COMBO_009,-4.627,3.3364,2.9267,1,1,1
sensitivity,20260922,COMBO_010,-4.694,3.0706,3.111,1,1,1
sensitivity,20260922,COMBO_011,-4.665,3.3254,2.9555,1,1,1
sensitivity,20260922,COMBO_012,-4.56,2.7094,2.9009,1,1,1
sensitivity,20260922,COMBO_013,-4.836,3.4045,2.9358,1,1,1
sensitivity,20260922,COMBO_014,-4.789,2.9637,2.838,1,1,1
sensitivity,20260922,COMBO_015,-5.219,2.8894,2.9154,1,1,1
sensitivity,20260922,COMBO_016,-4.648,2.8165,3.1766,1,1,1
sensitivity,20260922,COMBO_017,-4.425,3.4067,2.8316,1,1,1
sensitivity,20260922,COMBO_018,-5.411,2.8556,2.9469,1,1,1
sensitivity,20260922,COMBO_019,-5.279,2.9845,2.8626,1,1,1
sensitivity,20260922,COMBO_020,-5.495,2.9194,2.9565,1,1,1
sensitivity,20260922,COMBO_021,-4.751,2.8577,3.0475,1,1,1
sensitivity,20260922,COMBO_022,-4.403,3.0948,2.7609,1,1,1
sensitivity,20260922,COMBO_023,-4.936,3.1562,3.4273,1,1,1
sensitivity,20260922,COMBO_024,-5.293,2.7147,2.9564,1,1,1
sensitivity,20260922,COMBO_025,-4.745,3.094,2.9154,1,1,1
sensitivity,20260922,COMBO_026,-4.798,3.4008,3.1552,1,1,1
sensitivity,20260922,COMBO_027,-4.657,2.9305,3.3808,1,1,1
sensitivity,20260922,COMBO_028,-4.53,5.2665,2.7036,0,1,0
sensitivity,20260922,COMBO_029,-5.34,2.8754,3.0198,1,1,1
sensitivity,20260922,COMBO_030,-5.551,2.9072,2.8366,1,1,1
sensitivity,20260922,COMBO_031,-4.457,2.8735,3.5716,1,1,1
sensitivity,20260922,COMBO_032,-4.893,2.9911,3.0895,1,1,1
sensitivity,20260922,COMBO_033,-4.448,3.138,3.0826,1,1,1
sensitivity,20260922,COMBO_034,-4.681,3.3385,3.2633,1,1,1
sensitivity,20260922,COMBO_035,-4.753,3.7384,3.0732,1,1,1
sensitivity,20260922,COMBO_036,-4.244,3.5759,3.0982,1,1,1
sensitivity,20260922,COMBO_037,-4.54,3.4415,3.2758,1,1,1
sensitivity,20260922,COMBO_038,-4.478,3.5926,2.8151,1,1,1
sensitivity,20260922,COMBO_039,-4.316,3.0127,2.8075,1,1,1
sensitivity,20260922,COMBO_040,-5.457,3.0892,3.0376,1,1,1
sensitivity,20260922,COMBO_041,-4.62,3.8302,2.7631,1,1,1
sensitivity,20260922,COMBO_042,-5.183,2.9279,3.0956,1,1,1
sensitivity,20260922,COMBO_043,-4.905,2.904,3.2586,1,1,1
sensitivity,20260922,COMBO_044,-4.646,3.0237,2.8758,1,1,1
sensitivity,20260922,COMBO_045,-4.572,2.9621,3.0646,1,1,1
sensitivity,20260922,COMBO_046,-4.379,2.8226,3.2139,1,1,1
sensitivity,20260922,COMBO_047,-4.488,3.7643,3.1208,1,1,1
sensitivity,20260922,COMBO_048,-4.164,2.905,3.4979,1,1,1
sensitivity,20260923,COMBO_001,-4.726,3.0075,3.1332,1,1,1
sensitivity,20260923,COMBO_002,-4.983,2.8542,2.7641,1,1,1
sensitivity,20260923,COMBO_003,-4.82,2.7991,2.8849,1,1,1
sensitivity,20260923,COMBO_004,-5.086,3.0344,3.1532,1,1,1
sensitivity,20260923,COMBO_005,-4.704,2.8943,2.8347,1,1,1
sensitivity,20260923,COMBO_006,-4.555,3.3577,3.0283,1,1,1
sensitivity,20260923,COMBO_007,-4.881,2.8052,2.9116,1,1,1
sensitivity,20260923,COMBO_008,-5.015,3.2104,3.3315,1,1,1
sensitivity,20260923,COMBO_009,-4.361,3.682,2.9428,1,1,1
sensitivity,20260923,COMBO_010,-4.918,3.2639,2.8031,1,1,1
sensitivity,20260923,COMBO_011,-4.613,3.6521,2.9289,1,1,1
sensitivity,20260923,COMBO_012,-4.185,8.774,2.9809,0,1,0
sensitivity,20260923,COMBO_013,-5.009,3.7381,2.8747,1,1,1
sensitivity,20260923,COMBO_014,-4.661,2.8497,3.0012,1,1,1
sensitivity,20260923,COMBO_015,-4.963,2.9671,3.0441,1,1,1
sensitivity,20260923,COMBO_016,-4.953,2.8891,3.0461,1,1,1
sensitivity,20260923,COMBO_017,-4.492,3.0541,2.9441,1,1,1
sensitivity,20260923,COMBO_018,-4.593,2.8147,2.8049,1,1,1
sensitivity,20260923,COMBO_019,-4.286,3.005,2.8769,1,1,1
sensitivity,20260923,COMBO_020,-4.548,3.1941,3.5409,1,1,1
sensitivity,20260923,COMBO_021,-4.941,3.0201,3.5061,1,1,1
sensitivity,20260923,COMBO_022,-4.94,2.8817,2.9734,1,1,1
sensitivity,20260923,COMBO_023,-4.425,2.898,3.1599,1,1,1
sensitivity,20260923,COMBO_024,-4.88,2.8074,3.0309,1,1,1
sensitivity,20260923,COMBO_025,-4.961,2.8015,3.1581,1,1,1
sensitivity,20260923,COMBO_026,-4.76,2.8657,3.0519,1,1,1
sensitivity,20260923,COMBO_027,-4.603,3.9332,3.0729,1,1,1
sensitivity,20260923,COMBO_028,-4.905,2.9572,3.3663,1,1,1
sensitivity,20260923,COMBO_029,-4.555,2.9434,2.8704,1,1,1
sensitivity,20260923,COMBO_030,-5.419,3.3985,3.1384,1,1,1
sensitivity,20260923,COMBO_031,-5.667,3.4715,3.0483,1,1,1
sensitivity,20260923,COMBO_032,-5.474,2.8775,2.7265,1,1,1
sensitivity,20260923,COMBO_033,-4.356,2.923,3.3105,1,1,1
sensitivity,20260923,COMBO_034,-5.282,2.9972,2.8541,1,1,1
sensitivity,20260923,COMBO_035,-4.557,3.6128,2.7994,1,1,1
sensitivity,20260923,COMBO_036,-4.583,3.0046,2.9722,1,1,1
sensitivity,20260923,COMBO_037,-4.764,3.2127,2.8643,1,1,1
sensitivity,20260923,COMBO_038,-4.838,3.1861,2.9559,1,1,1
sensitivity,20260923,COMBO_039,-4.765,2.9726,3.003,1,1,1
sensitivity,20260923,COMBO_040,-5.605,2.8666,3.1469,1,1,1
sensitivity,20260923,COMBO_041,-4.378,2.9409,3.4505,1,1,1
sensitivity,20260923,COMBO_042,-5.279,2.9491,2.9785,1,1,1
sensitivity,20260923,COMBO_043,-4.288,4.8174,3.188,0,1,0
sensitivity,20260923,COMBO_044,-5.163,3.1083,2.8827,1,1,1
sensitivity,20260923,COMBO_045,-4.432,8.1008,2.7074,0,1,0
sensitivity,20260923,COMBO_046,-4.424,3.233,2.8314,1,1,1
sensitivity,20260923,COMBO_047,-5.11,3.1738,2.9972,1,1,1
sensitivity,20260923,COMBO_048,-5.004,2.7375,2.848,1,1,1
sensitivity,20260924,COMBO_001,-4.312,3.8826,2.8798,1,1,1
sensitivity,20260924,COMBO_002,-4.338,3.2097,2.8732,1,1,1
sensitivity,20260924,COMBO_003,-4.664,3.4043,3.0355,1,1,1
sensitivity,20260924,COMBO_004,-4.831,2.9518,3.5231,1,1,1
sensitivity,20260924,COMBO_005,-5.365,3.167,2.8755,1,1,1
sensitivity,20260924,COMBO_006,-4.667,2.9175,3.4405,1,1,1
sensitivity,20260924,COMBO_007,-4.417,3.086,3.0976,1,1,1
sensitivity,20260924,COMBO_008,-5.361,3.2148,2.9718,1,1,1
sensitivity,20260924,COMBO_009,-4.584,3.1325,3.1055,1,1,1
sensitivity,20260924,COMBO_010,-4.712,3.1151,3.2103,1,1,1
sensitivity,20260924,COMBO_011,-4.549,2.8001,3.4697,1,1,1
sensitivity,20260924,COMBO_012,-4.397,3.6389,2.9188,1,1,1
sensitivity,20260924,COMBO_013,-4.344,3.0643,2.8124,1,1,1
sensitivity,20260924,COMBO_014,-4.739,3.1901,3.2101,1,1,1
sensitivity,20260924,COMBO_015,-4.295,3.0571,3.0591,1,1,1
sensitivity,20260924,COMBO_016,-4.433,3.1919,3.2052,1,1,1
sensitivity,20260924,COMBO_017,-4.46,3.005,3.4364,1,1,1
sensitivity,20260924,COMBO_018,-5.464,2.8116,3.069,1,1,1
sensitivity,20260924,COMBO_019,-4.996,2.8241,2.9424,1,1,1
sensitivity,20260924,COMBO_020,-4.612,2.9209,3.1528,1,1,1
sensitivity,20260924,COMBO_021,-4.913,3.0872,2.9752,1,1,1
sensitivity,20260924,COMBO_022,-4.28,3.2485,3.2746,1,1,1
sensitivity,20260924,COMBO_023,-4.495,3.2498,3.003,1,1,1
sensitivity,20260924,COMBO_024,-4.389,3.3819,2.8816,1,1,1
sensitivity,20260924,COMBO_025,-4.68,3.4032,2.8042,1,1,1
sensitivity,20260924,COMBO_026,-4.542,3.7926,2.934,1,1,1
sensitivity,20260924,COMBO_027,-5.3,2.7671,2.8914,1,1,1
sensitivity,20260924,COMBO_028,-4.171,3.3085,2.9192,1,1,1
sensitivity,20260924,COMBO_029,-4.347,3.5736,2.902,1,1,1
sensitivity,20260924,COMBO_030,-4.586,2.9778,2.9108,1,1,1
sensitivity,20260924,COMBO_031,-4.8,2.8677,3.0672,1,1,1
sensitivity,20260924,COMBO_032,-4.406,3.175,2.8068,1,1,1
sensitivity,20260924,COMBO_033,-4.595,2.9528,2.6969,1,1,1
sensitivity,20260924,COMBO_034,-4.424,2.8446,2.8958,1,1,1
sensitivity,20260924,COMBO_035,-4.375,3.0538,2.8011,1,1,1
sensitivity,20260924,COMBO_036,-4.805,2.8796,3.4457,1,1,1
sensitivity,20260924,COMBO_037,-5.359,2.9669,2.7904,1,1,1
sensitivity,20260924,COMBO_038,-4.821,2.9727,2.9102,1,1,1
sensitivity,20260924,COMBO_039,-4.75,3.0452,2.8342,1,1,1
sensitivity,20260924,COMBO_040,-5.186,3.6909,2.7626,1,1,1
sensitivity,20260924,COMBO_041,-4.388,3.056,2.8034,1,1,1
sensitivity,20260924,COMBO_042,-5.111,2.9569,2.914,1,1,1
sensitivity,20260924,COMBO_043,-5.211,3.0254,2.9939,1,1,1
sensitivity,20260924,COMBO_044,-4.781,3.2323,2.8623,1,1,1
sensitivity,20260924,COMBO_045,-4.53,3.2445,2.917,1,1,1
sensitivity,20260924,COMBO_046,-4.92,3.0269,3.2598,1,1,1
sensitivity,20260924,COMBO_047,-4.578,3.0709,2.8151,1,1,1
sensitivity,20260924,COMBO_048,-4.549,3.3248,2.8319,1,1,1
sensitivity,20260925,COMBO_001,-4.757,2.9392,2.725,1,1,1
sensitivity,20260925,COMBO_002,-4.53,2.7584,2.7992,1,1,1
sensitivity,20260925,COMBO_003,-3.89,3.2274,2.7962,1,1,1
sensitivity,20260925,COMBO_004,-4.451,2.9858,2.9675,1,1,1
sensitivity,20260925,COMBO_005,-4.956,3.0798,3.1161,1,1,1
sensitivity,20260925,COMBO_006,-5.144,2.8345,3.009,1,1,1
sensitivity,20260925,COMBO_007,-4.362,3.3135,2.9871,1,1,1
sensitivity,20260925,COMBO_008,-5.234,2.9187,2.9297,1,1,1
sensitivity,20260925,COMBO_009,-5.63,3.4629,3.2725,1,1,1
sensitivity,20260925,COMBO_010,-5.058,2.974,3.4725,1,1,1
sensitivity,20260925,COMBO_011,-5.303,3.2244,3.0391,1,1,1
sensitivity,20260925,COMBO_012,-4.789,3.3482,3.138,1,1,1
sensitivity,20260925,COMBO_013,-4.304,3.7301,2.9214,1,1,1
sensitivity,20260925,COMBO_014,-5.3,3.0054,2.9526,1,1,1
sensitivity,20260925,COMBO_015,-4.367,3.0636,2.8788,1,1,1
sensitivity,20260925,COMBO_016,-5.033,2.7976,2.9394,1,1,1
sensitivity,20260925,COMBO_017,-4.174,3.1067,3.407,1,1,1
sensitivity,20260925,COMBO_018,-5.359,2.9019,3.319,1,1,1
sensitivity,20260925,COMBO_019,-4.791,2.9102,3.0193,1,1,1
sensitivity,20260925,COMBO_020,-4.516,3.3329,2.8912,1,1,1
sensitivity,20260925,COMBO_021,-5.33,3.1626,2.7264,1,1,1
sensitivity,20260925,COMBO_022,-4.48,2.7975,2.9452,1,1,1
sensitivity,20260925,COMBO_023,-4.262,7.5545,3.1458,0,1,0
sensitivity,20260925,COMBO_024,-4.236,3.0022,2.9322,1,1,1
sensitivity,20260925,COMBO_025,-4.219,5.5871,2.8066,0,1,0
sensitivity,20260925,COMBO_026,-4.867,2.8425,3.4877,1,1,1
sensitivity,20260925,COMBO_027,-5.651,2.9674,2.9473,1,1,1
sensitivity,20260925,COMBO_028,-5.212,3.3974,2.9423,1,1,1
sensitivity,20260925,COMBO_029,-4.646,3.0217,3.0935,1,1,1
sensitivity,20260925,COMBO_030,-4.236,4.0324,2.9908,0,1,0
sensitivity,20260925,COMBO_031,-4.775,3.5766,2.9415,1,1,1
sensitivity,20260925,COMBO_032,-4.111,2.8706,2.7752,1,1,1
sensitivity,20260925,COMBO_033,-4.483,2.902,3.5013,1,1,1
sensitivity,20260925,COMBO_034,-5.03,3.0873,3.2104,1,1,1
sensitivity,20260925,COMBO_035,-4.993,3.4416,2.9619,1,1,1
sensitivity,20260925,COMBO_036,-5.268,3.0902,2.8836,1,1,1
sensitivity,20260925,COMBO_037,-5.388,2.8721,3.0006,1,1,1
sensitivity,20260925,COMBO_038,-4.169,2.9378,2.9658,1,1,1
sensitivity,20260925,COMBO_039,-4.979,3.0291,3.5602,1,1,1
sensitivity,20260925,COMBO_040,-5.334,3.5686,2.9641,1,1,1
sensitivity,20260925,COMBO_041,-5.134,2.9263,3.2248,1,1,1
sensitivity,20260925,COMBO_042,-5.159,3.4208,2.8304,1,1,1
sensitivity,20260925,COMBO_043,-4.572,3.3804,2.9165,1,1,1
sensitivity,20260925,COMBO_044,-5.168,3.0197,2.9178,1,1,1
sensitivity,20260925,COMBO_045,-4.556,3.4028,2.9383,1,1,1
sensitivity,20260925,COMBO_046,-5.14,3.6238,2.9366,1,1,1
sensitivity,20260925,COMBO_047,-5.289,3.0001,2.8382,1,1,1
sensitivity,20260925,COMBO_048,-4.349,3.5625,2.9869,1,1,1
