path,size_bytes,sha256
.gitignore,227,f925fd85e77961fc69c98045ff2f666eba08d39f255d9b154921010a7dea1b90
02_Historical_Stage2B_Inputs/INPUT_SHA256_MANIFEST.csv,3182,ad5158ec0e1b8f77e242cd18575208bfa1a39e86677e4c6f656591af75102396
02_Historical_Stage2B_Inputs/LZX-2-73.pdbqt,2509,3843a564f2443942cd66077348aac72b5fcba28c6f003675a48ddb65b0d9e51c
02_Historical_Stage2B_Inputs/lvtkl_pdbqt/LVTKL_01.pdbqt,4214,21e485163c84577f1dec41a57461275c1cab74d774921bccbd32f9b0caf3a0b6
02_Historical_Stage2B_Inputs/lvtkl_pdbqt/LVTKL_02.pdbqt,4214,ed4c3cd4a3c05b42f6163623106bc4ddbc21b2fbd8fa48b744da76d26fa8b523
02_Historical_Stage2B_Inputs/lvtkl_pdbqt/LVTKL_03.pdbqt,4214,4d28f1a265975717cd62bc913b5798db1e00ed78da1aa2f7eba9934ef9dc8b3c
02_Historical_Stage2B_Inputs/lvtkl_pdbqt/LVTKL_04.pdbqt,4214,8c0a4a8639ee611774bbb16a7846e2d6b4495b590183bc41d648cdb214e10a08
02_Historical_Stage2B_Inputs/lvtkl_pdbqt/LVTKL_05.pdbqt,4214,65f7f54282a7fb8a226b534b96655f625d9d5a1cf6a19be035de188d2dde6d78
02_Historical_Stage2B_Inputs/lvtkl_pdbqt/LVTKL_06.pdbqt,4214,f87011d8d4efd2e512d41ac5de0c28150810b9564d1d68564df62d227844e739
02_Historical_Stage2B_Inputs/lvtkl_pdbqt/LVTKL_07.pdbqt,4214,02986aca324cc8b2976e78b2483daa5d7aa7652aa5b45c617933ae5129fc6ac3
02_Historical_Stage2B_Inputs/lvtkl_pdbqt/LVTKL_08.pdbqt,4214,28765fc368359a4dbd46ef4065e74528961cfe1810c03e7a6902381ef5914585
02_Historical_Stage2B_Inputs/lvtkl_pdbqt/LVTKL_09.pdbqt,4214,1fdc870bec730e524bcb8494d161df97a818ce28101304034bf3f16b10fa6dda
02_Historical_Stage2B_Inputs/lvtkl_pdbqt/LVTKL_10.pdbqt,4214,a62f76725155a8ba0ff7707eb35af8e1877e3d562831e3998d3d5e196bf0350b
02_Historical_Stage2B_Inputs/lvtkl_pdbqt/LVTKL_11.pdbqt,4214,867be850621798917fd235dee2bc39a0c66334bd1d6a60f68f7761f1a71b38bf
02_Historical_Stage2B_Inputs/lvtkl_pdbqt/LVTKL_12.pdbqt,4214,5c44d2bd6dc1d98c4c2f559099a8873f507aba1f81c222b137d4b3cf6c023edb
02_Historical_Stage2B_Inputs/slahs_pdbqt/SLAHS_01.pdbqt,3896,d4ec6d1266a5e47bcf8f78d0043b02856ff6d2a5b9e0f282b573866760927b19
02_Historical_Stage2B_Inputs/slahs_pdbqt/SLAHS_02.pdbqt,3896,9e60f1cd60803a7b172bb3145636c0741582b14c0147d5765ab44cb5c71df300
02_Historical_Stage2B_Inputs/slahs_pdbqt/SLAHS_03.pdbqt,3896,2993d9ece4ef094b19cb95aa09e7f4b01a4dcb97fe6eb1ae41124944fd135637
02_Historical_Stage2B_Inputs/slahs_pdbqt/SLAHS_04.pdbqt,3896,795298e114ad1504b4be214787a2667831f381a4228fe4cd5bc07132215bd5fb
02_Historical_Stage2B_Inputs/slahs_pdbqt/SLAHS_05.pdbqt,3896,1b8915c0cab97eca00f58cf3045d48bc7129bb66553071c7cd000ce95adab0fe
02_Historical_Stage2B_Inputs/slahs_pdbqt/SLAHS_06.pdbqt,3896,e2e73eebf46217ab819e4743652f28f330457922bed09b6ac44debadac87f742
02_Historical_Stage2B_Inputs/slahs_pdbqt/SLAHS_07.pdbqt,3896,67ba62b8e97dbbfb5fc6b46058205b59d40deebf6595ac124e26bcee0920a8be
02_Historical_Stage2B_Inputs/slahs_pdbqt/SLAHS_08.pdbqt,3896,c542a38f7b2f1fffe4237407d952fa8aef0d89cb5fd923d6e07152075d5b2993
02_Historical_Stage2B_Inputs/slahs_pdbqt/SLAHS_09.pdbqt,3896,8f7398d6530286aee182fc408b6b26e5684e917da8b6ceaa40cca96c379a2324
02_Historical_Stage2B_Inputs/slahs_pdbqt/SLAHS_10.pdbqt,3896,63ef6e480580ee9dd357d7d95ddb87c8dc2f6b807fd43ffc0da228b4439579a4
02_Historical_Stage2B_Inputs/slahs_pdbqt/SLAHS_11.pdbqt,3896,d8c66193a7ca6a1fb7addc01685a58a17b945be272c9e42bd800ca5b5af94d0a
02_Historical_Stage2B_Inputs/slahs_pdbqt/SLAHS_12.pdbqt,3896,ba3575d84e13a40925e477e63a3fbffe187ed37065b926e1cb09ca4cf3196bfd
03_Historical_Stage2B_Stage2C_Scripts/00_collect_inputs.py,1092,cb4c479d571a6d8fb34ef1284c8351782bf101132512cad58fe071f3479995dc
03_Historical_Stage2B_Stage2C_Scripts/01_build_combined_ensemble.py,3815,f481a37a0efa3f06b690d033011bab50d6d6879ea33005e5702a056a21fcdaf9
03_Historical_Stage2B_Stage2C_Scripts/02_run_two_hotspot_docking.py,2495,b275a0c878b9a873c3839607b0d8c11db6868d278d4670ae294ea4657e75bb6b
03_Historical_Stage2B_Stage2C_Scripts/03_analyze_results.py,690,180b7284a82b6509680a0d006ece2376dbd810f0ab1fd5835cef8802165c4adc
03_Historical_Stage2B_Stage2C_Scripts/04_build_local_refinement.py,3602,896884a44fec2682693724e379c4965dcace2342f10ae52323646193f356c210
03_Historical_Stage2B_Stage2C_Scripts/04_geometry_analysis.py,2687,2a0bcdce7b774307efe1f8528d3149d293552e069a1bb16b6211da00bfa6d99e
03_Historical_Stage2B_Stage2C_Scripts/05_run_local_refinement_docking.py,2377,583fd9c7c1732ce29097fff8f2741b2d300b26fa3ce2aaff0150e5891c723029
03_Historical_Stage2B_Stage2C_Scripts/06_analyze_local_refinement.py,1493,243c1335fe18122067d21be8ea441b000ba14edfee5ce5bccb67768b120b8e42
03_Historical_Stage2B_Stage2C_Scripts/07_analyze_structural_contacts.py.txt,6484,a668517de4cc1fdf97d857e3c9fdd1c349f91b88d596256e24aa73d8796eb03e
03_Historical_Stage2B_Stage2C_Scripts/README.txt,1412,2de8196ee431c13f4c12d0a35d7d62cdfad27efdb43cb7f42f7b540fbae45631
03_Historical_Stage2B_Stage2C_Scripts/README_STAGE2C.txt,990,76a89e3ab9fd1f06c2bb7ab186b36acdd9a84c4c5c8a601154e205deb134de64
05_Structural_Interactions/COMBO_011_R28_complex_raw.pdb,8257,aab9132056d069545c868fef701999fb1969db8918535d2f9330b324c99ead48
05_Structural_Interactions/COMBO_011_R28_complex_verification.txt,1079,02bd41b9b1bb255c266b88c2b5741759fc7ce4fcf9b31b33d9042cd715683ba0
05_Structural_Interactions/Figure2C_Figure3_structure_source_data.csv,4190,591d2bb04baf57c716ea53bca37e6e70856d866caf0ec8f8bf492464d842a6bd
06_MD_System/COMBO_011_R28_HMR4fs_100ps.rst7,561173,15769cf4eb2ff63c9eae4e98907ec7050df73ed2c267c2e08090ed3fb1faa184
06_MD_System/COMBO_011_R28_OPC_015M_HMR.prmtop,1348560,f4d285e76382b01854f4bc62a58d3f88ba1362f36051c22e201399785bb6b760
06_MD_System/SYSTEM_ION_CONCENTRATION_CHECK.txt,696,bd3633ce533eb12e926a41d92aa6afa27bf03a64df22e168bf57f9a2d42c7d92
08_Trajectory_Analysis/MD_50ns_CORRECTED_SUMMARY.txt,1658,b8fb3b5bf4aa2a91f680f252f05746f8c2a8a0709a8f633067325db1b41a0cdb
08_Trajectory_Analysis/Three_Replicate_Analysis/analysis_rep1/rep1_LVTKL_contacts.dat,350070,519b21dcf8d314ddc72b647299698e87bdb704abfeea106f42337fd03711d83e
08_Trajectory_Analysis/Three_Replicate_Analysis/analysis_rep1/rep1_SLAHS_contacts.dat,350070,22b72d857fe795d694a9a0c4150e7f06db97983a6b37b2347b001b9c5aa3c2f8
08_Trajectory_Analysis/Three_Replicate_Analysis/analysis_rep1/rep1_ca_rmsf.dat,242,03a59c496a77e4377331b9b08ed0f2375dca19cbd2b82b76fa5315cb7a4c1a38
08_Trajectory_Analysis/Three_Replicate_Analysis/analysis_rep1/rep1_contact_states.dat,112402,b9b32f43c49e84a811c3b7959a69e93e3d0187c6820d90eaa23a39319a2310dd
08_Trajectory_Analysis/Three_Replicate_Analysis/analysis_rep1/rep1_ligand_rmsd.dat,110022,79be266f56626fa1b8559188e67f22ee3ae448b1fa6682049da211a3161e9ed9
08_Trajectory_Analysis/Three_Replicate_Analysis/analysis_rep1/rep1_peptide_rmsd.dat,110022,3616b9a674b691789f32c9c464010d422c2391de45050e9a93b07e49a1f2f4dd
08_Trajectory_Analysis/Three_Replicate_Analysis/analysis_rep2/rep2_ca_rmsf.dat,242,8859366806dce23748df0460fc58b466bbfb8072ba21cfbf5053f78326abee3b
08_Trajectory_Analysis/Three_Replicate_Analysis/analysis_rep2/rep2_contact_states.dat,108793,fbf6cec35c1975e898ca8c2faf15b2d840443b935d2ee8859eb59ce1ce31aee3
08_Trajectory_Analysis/Three_Replicate_Analysis/analysis_rep2/rep2_ligand_rmsd.dat,110022,90292421dfe97e15e16e7f0d4260eccdbda1879bde231b26a1f2eebb0046eec7
08_Trajectory_Analysis/Three_Replicate_Analysis/analysis_rep2/rep2_lvtkl_contacts.dat,350070,09b91061b3dc254c162c12b828097d2daef1260f98e0109368aba57c03cf487b
08_Trajectory_Analysis/Three_Replicate_Analysis/analysis_rep2/rep2_peptide_rmsd.dat,110022,03de0ed8f5731f7119a8edaf003568d29306e6c301e8fcbb70de069291891749
08_Trajectory_Analysis/Three_Replicate_Analysis/analysis_rep2/rep2_slahs_contacts.dat,350070,dc68ab261d7a447e0e8f724a70bedf3a1ebc69520c82f884375395f5be87f866
08_Trajectory_Analysis/Three_Replicate_Analysis/analysis_rep3/rep3_ca_rmsf.dat,242,faa4e4f595631ee07864125ccf970e2c44c344819a8ca844d9de4dd76018bb8c
08_Trajectory_Analysis/Three_Replicate_Analysis/analysis_rep3/rep3_contact_states.dat,110492,e4af90d9e03b4e9a392cc196aff8ec26460f459380743ff45986add7e935878f
08_Trajectory_Analysis/Three_Replicate_Analysis/analysis_rep3/rep3_ligand_rmsd.dat,110022,93eaa9cf998a26e03c9d53f1c24a9a4b3fb3c0d823db06e8f47f1c807530ae8e
08_Trajectory_Analysis/Three_Replicate_Analysis/analysis_rep3/rep3_lvtkl_contacts.dat,350070,581027c75ef01795adce501c40150c5b7189714f4f0dfcc85fbbb5e6e455ddda
08_Trajectory_Analysis/Three_Replicate_Analysis/analysis_rep3/rep3_peptide_rmsd.dat,110022,6643a8e3439c2a3a048032c86fab59cb6de8dc6191fbc8bfa1249cd02fb24149
08_Trajectory_Analysis/Three_Replicate_Analysis/analysis_rep3/rep3_slahs_contacts.dat,350070,dc70e7fb685f11e695eafc73ebf8bef72562a681abbdbc9a93b8051df03ab2f0
08_Trajectory_Analysis/Three_Replicate_Analysis/three_replicate_residue_contacts.csv,1406,de47d08eb381e011d934b4ca15a6fb817e36f31c03909dc708d58b5e4ef09c68
08_Trajectory_Analysis/Three_Replicate_Analysis/three_replicate_residue_contacts_FROZEN.csv,1406,de47d08eb381e011d934b4ca15a6fb817e36f31c03909dc708d58b5e4ef09c68
08_Trajectory_Analysis/Three_Replicate_Analysis/three_replicate_summary.csv,669,2e91dfe0fcd327bce0cbc19fcc54bd35b7b55f4f630330358e58b52f15511f0a
08_Trajectory_Analysis/Three_Replicate_Analysis/three_replicate_summary_FROZEN.csv,669,2e91dfe0fcd327bce0cbc19fcc54bd35b7b55f4f630330358e58b52f15511f0a
08_Trajectory_Analysis/cluster_DISS_summary.dat,44022,e19f9b58fa290343b5f8cebbc8f85b1ad264de288a8bb2549475a03e5962c3ee
08_Trajectory_Analysis/cluster_DUAL_summary.dat,11022,556d1825c25e23eebf0bb0a1584d5d3e847af84d8b6553f316c3421bd389461d
08_Trajectory_Analysis/cluster_LVTKL_summary.dat,15422,c7dab522267257e987089e7526de0487d1a5cf96b90239c60ae01894bd2b0a92
08_Trajectory_Analysis/prod50_backbone_rmsd.dat,110022,b8cfd1cca86acf55c57c8c58226a7ff35c8c6cc2509534bc171147cdb2dada05
08_Trajectory_Analysis/prod50_backbone_rmsf.dat,242,ecba906e900deaa0701264446cdd9c06198aa536410e6611046b5db12b0db9dc
10_Supplementary_Data/NUPR1_Supplementary_Tables_S1-S3_SourceData.xlsx,28514,03a1517b4093cfd11328642067b44894b1a7b6e738aac49828a91df0ce86bb6c
10_Supplementary_Data/NUPR1_Supplementary_Tables_S5-S6_SourceData.xlsx,7902,843de785508ea6aea9ad12b7ac10edd0b3138d6df47758ff36a262eb1fed92fa
10_Supplementary_Data/Representative_Structures/DISS_FINAL.pdb,16605,4d7fee36b71739be54951e958680ba15839302d772c30b997ac8d735b0f7da56
10_Supplementary_Data/Representative_Structures/DUAL_FINAL.pdb,16605,99ee33329e6dc75491805c38725036df219d324f61b749a0669048f1e76086cb
10_Supplementary_Data/Representative_Structures/LVTKL_FINAL.pdb,16605,a350ea32b44317d758897c99dde7e2815d2c68dea7e63a30c8fcc53f7f9d583d
10_Supplementary_Data/S1_schema.csv,132,6d553f2746a360f19003a3c0c301b549efa52db4bb8c530c883929b7a29ea7c3
10_Supplementary_Data/S2_schema.csv,72,e4a8ebab27b92c5acf96a609497c365a036c600d83eb9b8a5a554c895fd45f8d
10_Supplementary_Data/S3_schema.csv,183,ace42495a4e595d2b6717f325ca12adb5fa6adc5de1e73268bebeb8ff3549cc6
10_Supplementary_Data/S4_schema.csv,182,b40f25fa08b8003374659d0174243183bac57288c0744c46d1b33e656b4db4cc
10_Supplementary_Data/S5_schema.csv,128,eaee59a39a3f7644e77e0ec95f35547c97e6fadc3df3532fd04c9a62fb06adf5
10_Supplementary_Data/Table_S4_verified_residue_level_contacts.csv,877,d70de8ce212770fa64986d7801c77052f23e6ccb232c476e640b97081e8dfdcf
10_Supplementary_Data/Table_S4_verified_residue_level_contacts.xlsx,6031,467e68b6b41b24591303d1a765c7648f21b585ebffddf99b4862a118a92992b8
10_Supplementary_Data/Table_S6_cluster_populations.csv,942,d921c4dc9fb897c9f138d9c92281a86ed64d9379b702a49b57c3e2dcd64765f9
11_Sensitivity_Analysis/Historical_Raw_Workspace_Core/00_collect_inputs.py,1092,cb4c479d571a6d8fb34ef1284c8351782bf101132512cad58fe071f3479995dc
11_Sensitivity_Analysis/Historical_Raw_Workspace_Core/01_build_combined_ensemble.py,3815,f481a37a0efa3f06b690d033011bab50d6d6879ea33005e5702a056a21fcdaf9
11_Sensitivity_Analysis/Historical_Raw_Workspace_Core/01_build_combined_ensemble_SENSITIVITY.py,5752,5e9f1cf59e74c1435a1676ac34a8d518c0fcfb5050d0823dd87332892d1e8aec
11_Sensitivity_Analysis/Historical_Raw_Workspace_Core/02_run_two_hotspot_docking.py,2495,b275a0c878b9a873c3839607b0d8c11db6868d278d4670ae294ea4657e75bb6b
11_Sensitivity_Analysis/Historical_Raw_Workspace_Core/02_run_two_hotspot_docking_SENSITIVITY.py,5529,b7e544391987e048243023e45bc61d3232054109798b3fbe6a33cc235c0042fd
11_Sensitivity_Analysis/Historical_Raw_Workspace_Core/02_run_two_hotspot_docking_SENSITIVITY_RESUME.py,6674,8878289a18d15d928ba698fd2aa6b1a53b42608372b26f2d27e932ded2484bcf
11_Sensitivity_Analysis/Historical_Raw_Workspace_Core/03_analyze_results.py,690,180b7284a82b6509680a0d006ece2376dbd810f0ab1fd5835cef8802165c4adc
11_Sensitivity_Analysis/Historical_Raw_Workspace_Core/04_build_local_refinement.py,3602,896884a44fec2682693724e379c4965dcace2342f10ae52323646193f356c210
11_Sensitivity_Analysis/Historical_Raw_Workspace_Core/04_geometry_analysis.py,2687,2a0bcdce7b774307efe1f8528d3149d293552e069a1bb16b6211da00bfa6d99e
11_Sensitivity_Analysis/Historical_Raw_Workspace_Core/05_run_local_refinement_docking.py,2377,583fd9c7c1732ce29097fff8f2741b2d300b26fa3ce2aaff0150e5891c723029
11_Sensitivity_Analysis/Historical_Raw_Workspace_Core/06_analyze_local_refinement.py,1493,243c1335fe18122067d21be8ea441b000ba14edfee5ce5bccb67768b120b8e42
11_Sensitivity_Analysis/Historical_Raw_Workspace_Core/07_analyze_structural_contacts.py,6183,7bffcdcb0833902e4267e65c16721c33b50653a9b1bf26e1fc0dcb7e6622c1fb
11_Sensitivity_Analysis/Historical_Raw_Workspace_Core/08_analyze_specific_interactions.py,8156,b8e5ef9df0a4b983de5b3aea874a28817cb4e20ee6a4e8e02394b50377b9f825
11_Sensitivity_Analysis/Historical_Raw_Workspace_Core/09_validate_hbond_geometry.py,9298,361f4705bdd642e766bed31c324bd77a074f54cf76350b0fdefa21147189c0e7
11_Sensitivity_Analysis/Historical_Raw_Workspace_Core/10_compare_representative_hbonds.py,8605,c53ef91588c83e530f690b5c195a8ba8095aa27363e9948230349109cda40cf4
11_Sensitivity_Analysis/Historical_Raw_Workspace_Core/11_compare_representative_hydrophobic.py,6372,59c03a525f8cf74c83cc5b4aeebe0b1ae4d4a8839b7417a03f77fbe129d49b71
11_Sensitivity_Analysis/Historical_Raw_Workspace_Core/12_build_md_complex.py,6630,65a34bc98e31a6f70ac61ad1c7d9412858fd1ca0d17281a62cc494a2036a1aea
11_Sensitivity_Analysis/Historical_Raw_Workspace_Core/13_analyze_sensitivity_structural.py,7447,2c86db5bcf8396a79780867f9ceec21a0fac8b320b4b7ae8fb05633173c71561
11_Sensitivity_Analysis/Historical_Raw_Workspace_Core/14_summarize_structural_sensitivity.py,1945,8ce0ae23dde9949167c1075a5e826977b26b1d86f7d3354028b46a09656739b1
11_Sensitivity_Analysis/Historical_Raw_Workspace_Core/15_analyze_historical_structural.py,5289,a9f17f0d5db03b975726f946d5c586e558a2ef759d0a2944e4463cdb6555e07d
11_Sensitivity_Analysis/Historical_Raw_Workspace_Core/16_build_combined_sensitivity_dataset.py,1531,39001e4f740fa12885df4dc88a7be95ca0673eeb4ffeab9afe56186bd6de6e0d
11_Sensitivity_Analysis/Historical_Raw_Workspace_Core/README.txt,1412,2de8196ee431c13f4c12d0a35d7d62cdfad27efdb43cb7f42f7b540fbae45631
11_Sensitivity_Analysis/Historical_Raw_Workspace_Core/refinement_docking_out/COMBO_011_R01.txt,226,a19984642407b769b012f7e5b5cf582fd61c6fef9e283e493ad0873b9f85b13c
11_Sensitivity_Analysis/Historical_Raw_Workspace_Core/refinement_docking_out/COMBO_011_R02.txt,224,dde0d52c155866867c190e61057ef3a98220baf13bc37371f3a194d32cd2b5f9
11_Sensitivity_Analysis/Historical_Raw_Workspace_Core/refinement_docking_out/COMBO_011_R03.txt,223,6e811a9611d78c6d73fd479c2aff55f5722a9192015c1b0cb95ec1061f67dc63
11_Sensitivity_Analysis/Historical_Raw_Workspace_Core/refinement_docking_out/COMBO_011_R04.txt,225,6a43a6112e675d54d98f1a3a698767148af36ff9cc029e7f0e18366c14462b97
11_Sensitivity_Analysis/Historical_Raw_Workspace_Core/refinement_docking_out/COMBO_011_R05.txt,224,c6f0f936dcf9189b1691cc6f1ca09120795cb159aba09ad4510f27f8e3617e81
11_Sensitivity_Analysis/Historical_Raw_Workspace_Core/refinement_docking_out/COMBO_011_R06.txt,223,ea5cfa4f1e38ea637be99fa24ea56b69008368abf9b574702a56e31d5d002f97
11_Sensitivity_Analysis/Historical_Raw_Workspace_Core/refinement_docking_out/COMBO_011_R07.txt,225,b005ab6578caca4dd9015673b14b3388f167fff633be13c7fa2f076120d17c3f
11_Sensitivity_Analysis/Historical_Raw_Workspace_Core/refinement_docking_out/COMBO_011_R08.txt,224,d6ae940e06b5db65db738e7478e8d4473c3c0264a3735eee9a83e18bc26c8ba3
11_Sensitivity_Analysis/Historical_Raw_Workspace_Core/refinement_docking_out/COMBO_011_R09.txt,226,0e0477fa60c0c09e0dbafc48248cc5e868a8b0caa02a0587bbb2fc226ac9761a
11_Sensitivity_Analysis/Historical_Raw_Workspace_Core/refinement_docking_out/COMBO_011_R10.txt,224,6702b3ba8729f9b90b37a0ef75ee83999c853ecf516a9bd9e06c9aba2cc528cb
11_Sensitivity_Analysis/Historical_Raw_Workspace_Core/refinement_docking_out/COMBO_011_R11.txt,224,b9621cc8aca7ed33153e6094e896d6e01a6271469c46d1c61c4754b6d93a5644
11_Sensitivity_Analysis/Historical_Raw_Workspace_Core/refinement_docking_out/COMBO_011_R12.txt,224,d47c9f7240255beb28fac39222ad7c31e9483eedb9f828e5afd2f7e188450364
11_Sensitivity_Analysis/Historical_Raw_Workspace_Core/refinement_docking_out/COMBO_011_R13.txt,224,34b950c77ca82b9b49efe208d4977bf796b02ae1cb587aa5ea2593ce2324ea93
11_Sensitivity_Analysis/Historical_Raw_Workspace_Core/refinement_docking_out/COMBO_011_R14.txt,225,a2fc685f133b0ef0a9a80a59c735f2589927defbe98906cf7bdbddb37e38187f
11_Sensitivity_Analysis/Historical_Raw_Workspace_Core/refinement_docking_out/COMBO_011_R15.txt,223,826c931b9c8d7537c31449dce35d8963a1aede2f9c437f23ad5c865205ff1a7b
11_Sensitivity_Analysis/Historical_Raw_Workspace_Core/refinement_docking_out/COMBO_011_R16.txt,223,3b2b73b790cd7cf5a12fdc7512807038b6fd06cc5f49a19520d14b400cf07903
11_Sensitivity_Analysis/Historical_Raw_Workspace_Core/refinement_docking_out/COMBO_011_R17.txt,223,5ad155267de52de67a59f5be96ef5d2a7f4f0bbd83d9e8729bb63ad993d0ffce
11_Sensitivity_Analysis/Historical_Raw_Workspace_Core/refinement_docking_out/COMBO_011_R18.txt,225,c276e34ecc65a0a000b8856b2a79ceaf7db745aad05bd7459b261bf9ac2b35f8
11_Sensitivity_Analysis/Historical_Raw_Workspace_Core/refinement_docking_out/COMBO_011_R19.txt,224,c04168e15c5633f3dd207697b79d8f99840e55cf714267fa8d44c5c0c9fef618
11_Sensitivity_Analysis/Historical_Raw_Workspace_Core/refinement_docking_out/COMBO_011_R20.txt,223,35400fea22c722d000193c5491a6933b130a4c59e917b6d361c946bf3b9ddd34
11_Sensitivity_Analysis/Historical_Raw_Workspace_Core/refinement_docking_out/COMBO_011_R21.txt,223,9e178be4b7814c2cd19dac7a012a9dc5570946e14ebe583e5fc3f8bb08d2b7ac
11_Sensitivity_Analysis/Historical_Raw_Workspace_Core/refinement_docking_out/COMBO_011_R22.txt,225,12762f104c55d6818af630860d251ad8c9949946e9128e28e821c4afa634332e
11_Sensitivity_Analysis/Historical_Raw_Workspace_Core/refinement_docking_out/COMBO_011_R23.txt,224,5e5dbafdffc58d4592ea49e533711642a3518350f4f3dc7b313fb70bcf90e8fb
11_Sensitivity_Analysis/Historical_Raw_Workspace_Core/refinement_docking_out/COMBO_011_R24.txt,223,d02069978f64017005b0d267cd40c90daa0d10051517402f2d519ad58b0ac08c
11_Sensitivity_Analysis/Historical_Raw_Workspace_Core/refinement_docking_out/COMBO_011_R25.txt,223,88cbd5baa08458a0b65f7ad7e7c7761ec667462c1589f8d7fae8f326fed06e9c
11_Sensitivity_Analysis/Historical_Raw_Workspace_Core/refinement_docking_out/COMBO_011_R26.txt,226,0cf44ec11a9fde250f871c721b5b70a1a4d23dc0e6005ad0a1b03924ebbe48f6
11_Sensitivity_Analysis/Historical_Raw_Workspace_Core/refinement_docking_out/COMBO_011_R27.txt,225,156220f859d9cd8bd27146426ddeaf3ca316057136ff5edebd10e3f337f37de9
11_Sensitivity_Analysis/Historical_Raw_Workspace_Core/refinement_docking_out/COMBO_011_R28.txt,225,8e062c727ffe534fd56812f00a35874c5a6ab9594e99edac6fe1b6ce51f158d0
11_Sensitivity_Analysis/Historical_Raw_Workspace_Core/refinement_docking_out/COMBO_011_R29.txt,224,f35a8a8a972fa03e8618d59d2b7ce27ec75d50636aef98d03f677f54787e46db
11_Sensitivity_Analysis/Historical_Raw_Workspace_Core/refinement_docking_out/COMBO_011_R30.txt,224,2482d182225890d62647f7beacafb431c870c6aa74bee155a9d453edc39970d4
11_Sensitivity_Analysis/Historical_Raw_Workspace_Core/refinement_docking_out/COMBO_025_R01.txt,225,f064da093bd6397d5607876d965a8b4cf159b2725d0783d4882fc3277466ddb6
11_Sensitivity_Analysis/Historical_Raw_Workspace_Core/refinement_docking_out/COMBO_025_R02.txt,223,430736a44085aab4d8cc820628ded4083a5dcbb7c41f1dde973f2974cb0c5712
11_Sensitivity_Analysis/Historical_Raw_Workspace_Core/refinement_docking_out/COMBO_025_R03.txt,226,252835e795da3ba4bdcca8a5db911d6c84f3bac0b84eff8c4c5a943dae2bab35
11_Sensitivity_Analysis/Historical_Raw_Workspace_Core/refinement_docking_out/COMBO_025_R04.txt,225,717e538453ff47441fe43aa8197a45d95c2f4b81d5df23855a9b6c11fba999b0
11_Sensitivity_Analysis/Historical_Raw_Workspace_Core/refinement_docking_out/COMBO_025_R05.txt,225,40b16f7a543840075870c9226ea20a6be6301652556a7cda4a79366789dc3d31
11_Sensitivity_Analysis/Historical_Raw_Workspace_Core/refinement_docking_out/COMBO_025_R06.txt,226,6de97288a821530d695c135a495df3fd2e61382cbfc024c17186ad87d61c3909
11_Sensitivity_Analysis/Historical_Raw_Workspace_Core/refinement_docking_out/COMBO_025_R07.txt,225,bf0b9aa36b6ea52f0f17567bc6368ff7e1262547a7c866d93c1cdd7b74f7b918
11_Sensitivity_Analysis/Historical_Raw_Workspace_Core/refinement_docking_out/COMBO_025_R08.txt,225,358fe1862acf25c12d2a88077bb0c9197da5cd03289672a60d8e6d1003e93a08
11_Sensitivity_Analysis/Historical_Raw_Workspace_Core/refinement_docking_out/COMBO_025_R09.txt,224,dc5cf0a19f0e3874af24b6dd2405bf6f4150476cbdfca16d78231fdc119e16dd
11_Sensitivity_Analysis/Historical_Raw_Workspace_Core/refinement_docking_out/COMBO_025_R10.txt,224,11e51e5a22526868f1f837f8d0db745607510dc1057149cea39a6eb21d506357
11_Sensitivity_Analysis/Historical_Raw_Workspace_Core/refinement_docking_out/COMBO_025_R11.txt,224,d524bea6182dab4e1f1dee3afd021baa078ea5e8aa349afc43f3ebe25417ec35
11_Sensitivity_Analysis/Historical_Raw_Workspace_Core/refinement_docking_out/COMBO_025_R12.txt,225,817c22e21e88ba8e355eb2bc386a4a6942563e9817cbd9f70839f7091d1f929b
11_Sensitivity_Analysis/Historical_Raw_Workspace_Core/refinement_docking_out/COMBO_025_R13.txt,225,2aee5650f40323e0ac54e48a5cba38c2c2fcc49a44eb0b57c89ac63267dfd4d2
11_Sensitivity_Analysis/Historical_Raw_Workspace_Core/refinement_docking_out/COMBO_025_R14.txt,223,6eb435d753d451dfde653a2c2c2b7b47c6d6791a3240883dc3d6196fee841491
11_Sensitivity_Analysis/Historical_Raw_Workspace_Core/refinement_docking_out/COMBO_025_R15.txt,225,bffde46684f05d7167632490a76e6d817944f961116ea1f310e97f19b2b8e2ad
11_Sensitivity_Analysis/Historical_Raw_Workspace_Core/refinement_docking_out/COMBO_025_R16.txt,224,52193aa661725633aee2e3f379d0a11750dc2038fc1131219ca4a6874cf9b893
11_Sensitivity_Analysis/Historical_Raw_Workspace_Core/refinement_docking_out/COMBO_025_R17.txt,225,ed9760f76032cac215fa332e1c5ba1e31fe8d6a278562ecc5b6f116b9f2e97e3
11_Sensitivity_Analysis/Historical_Raw_Workspace_Core/refinement_docking_out/COMBO_025_R18.txt,223,cfb846d3c883023c75d8a02d3c62e666bd7ee9ba21f7bf36c9c484d4c27ddee4
11_Sensitivity_Analysis/Historical_Raw_Workspace_Core/refinement_docking_out/COMBO_025_R19.txt,223,f1e8b4fcb5939187e456622cf45a443a6c101face055c93d84f14b1665f0e58d
11_Sensitivity_Analysis/Historical_Raw_Workspace_Core/refinement_docking_out/COMBO_025_R20.txt,224,e5df3f3dc6a815f4486e9a09c1e66891338b854a7c9bfff19f61b73e6d177367
11_Sensitivity_Analysis/Historical_Raw_Workspace_Core/refinement_docking_out/COMBO_025_R21.txt,224,74b112f11f7e3d40e24240ed49dd8c864dd3d7dd9093a6f39566ff86a6ea9b27
11_Sensitivity_Analysis/Historical_Raw_Workspace_Core/refinement_docking_out/COMBO_025_R22.txt,225,55af64aa740bf3b7702977d9fa2f59b0634a224fbac515c243c4fa1e2cd73fe0
11_Sensitivity_Analysis/Historical_Raw_Workspace_Core/refinement_docking_out/COMBO_025_R23.txt,224,1b0778e80c5efaf5d1f48cee5af20856181408fc75c5c286b616122358a9f9b4
11_Sensitivity_Analysis/Historical_Raw_Workspace_Core/refinement_docking_out/COMBO_025_R24.txt,224,e786618c9a98fc08770f77034d4408fe429529ef1dcdedc116f95ce97450f6ed
11_Sensitivity_Analysis/Historical_Raw_Workspace_Core/refinement_docking_out/COMBO_025_R25.txt,225,1e27103900a2ef10174215837eda4a2a48a888a6e4135a40b78d19d7b4356704
11_Sensitivity_Analysis/Historical_Raw_Workspace_Core/refinement_docking_out/COMBO_025_R26.txt,225,eca83c7a42f8e3a8c4a4bc0294500622371ea09b8a11896d31f71a649718084f
11_Sensitivity_Analysis/Historical_Raw_Workspace_Core/refinement_docking_out/COMBO_025_R27.txt,226,fb58ddfd6e9280160cac0d3ac51c0c1e918f489a28b97948bb47b32a6fe3a66f
11_Sensitivity_Analysis/Historical_Raw_Workspace_Core/refinement_docking_out/COMBO_025_R28.txt,226,c841ff69bcea14082085f0dab1d7999a9bb59d7c3ef109131f8110ec7ee070b3
11_Sensitivity_Analysis/Historical_Raw_Workspace_Core/refinement_docking_out/COMBO_025_R29.txt,225,e21cacdb261fa02e10e55db55b99ca3b394de55350b6f45acec8d35172dbf492
11_Sensitivity_Analysis/Historical_Raw_Workspace_Core/refinement_docking_out/COMBO_025_R30.txt,226,3b9089157812d4a31df74dadc1a0b65a5d144536fbce972694699f2b28abe6c1
11_Sensitivity_Analysis/Historical_Raw_Workspace_Core/refinement_docking_out/COMBO_030_R01.txt,225,7d52f50a623d82c1d1bc9bc1bf403a000457bed9b5bb7e3d0ad27569c43fc31a
11_Sensitivity_Analysis/Historical_Raw_Workspace_Core/refinement_docking_out/COMBO_030_R02.txt,224,4d7d11439129f004ee82f5f5534506731ce8205643d580f5b62ff3f642609443
11_Sensitivity_Analysis/Historical_Raw_Workspace_Core/refinement_docking_out/COMBO_030_R03.txt,224,6b6c69182d00a1fa73497b5452de11664d269a255caad62b6652d0fddddb84d7
11_Sensitivity_Analysis/Historical_Raw_Workspace_Core/refinement_docking_out/COMBO_030_R04.txt,225,3435900c8d959c5d98f9f5f03db80fa6d507a6f3d74ec473742bac4ea045548e
11_Sensitivity_Analysis/Historical_Raw_Workspace_Core/refinement_docking_out/COMBO_030_R05.txt,224,cbf11750ec6397c9099571ebf922d527cd062176f1425d453ab929950be8413c
11_Sensitivity_Analysis/Historical_Raw_Workspace_Core/refinement_docking_out/COMBO_030_R06.txt,225,4076b128c9efb3db302ce9a364d25b1ec637ba4d1041d02b6d67fd67d6ede063
11_Sensitivity_Analysis/Historical_Raw_Workspace_Core/refinement_docking_out/COMBO_030_R07.txt,224,f86cd4fcb2089bbf2740effc9447dd32262558229f91dbce11ae12d124afebf2
11_Sensitivity_Analysis/Historical_Raw_Workspace_Core/refinement_docking_out/COMBO_030_R08.txt,224,a162b16afd3337dffbf08c7b2d0bcb02cc1f82776b0da14aaab9b447d3ac0f4f
11_Sensitivity_Analysis/Historical_Raw_Workspace_Core/refinement_docking_out/COMBO_030_R09.txt,224,6f4422541c036923e0042314420d95a708184209b65686c5ce783b36117d8982
11_Sensitivity_Analysis/Historical_Raw_Workspace_Core/refinement_docking_out/COMBO_030_R10.txt,224,98c2cd1c73ae1110452f5f62622b65d0f2d4b8d5a67f5172a38836363b7ac37a
11_Sensitivity_Analysis/Historical_Raw_Workspace_Core/refinement_docking_out/COMBO_030_R11.txt,224,3282270f853565c910440483ee266d4b70a1920dfa8081574b288973af52875d
11_Sensitivity_Analysis/Historical_Raw_Workspace_Core/refinement_docking_out/COMBO_030_R12.txt,224,9e792be711f359e03174927fb66706d7020c26ec671bb8bddecf022c9eea31f9
11_Sensitivity_Analysis/Historical_Raw_Workspace_Core/refinement_docking_out/COMBO_030_R13.txt,224,dd3bc6a340ad733c02cd56b53c16fd6f58bf2354baa8a42aba7fb3d555447640
11_Sensitivity_Analysis/Historical_Raw_Workspace_Core/refinement_docking_out/COMBO_030_R14.txt,223,d2fa68796a73debff45aa28609a6f52532dcddb422ba7eafa934779d462c95e9
11_Sensitivity_Analysis/Historical_Raw_Workspace_Core/refinement_docking_out/COMBO_030_R15.txt,226,28b0108b58b816ff532d4bbad45eae7729d5896890de1fed6fbf7f07736c1c79
11_Sensitivity_Analysis/Historical_Raw_Workspace_Core/refinement_docking_out/COMBO_030_R16.txt,224,a5cbb88603a4923614fdc8f192b7a0160c465a00580426836c3652ddd6ed1c30
11_Sensitivity_Analysis/Historical_Raw_Workspace_Core/refinement_docking_out/COMBO_030_R17.txt,226,0ee5429d73bc0ba04540214c97943cdf018e8f9eacf89580f3454743cf266ca0
11_Sensitivity_Analysis/Historical_Raw_Workspace_Core/refinement_docking_out/COMBO_030_R18.txt,225,58ee98f3a7a9b54e4d6b5f4257769c6eee0d3dcda71a7342b08a08f47f9d8d4c
11_Sensitivity_Analysis/Historical_Raw_Workspace_Core/refinement_docking_out/COMBO_030_R19.txt,224,de77fa6be2aff29ee866b8d9c3b6a2b08f7ba68a3aa8b31eb7dbc0dcb0f2a463
11_Sensitivity_Analysis/Historical_Raw_Workspace_Core/refinement_docking_out/COMBO_030_R20.txt,225,4285a5b3b67c928b64099c5f2aaef95fd75c40c2b1f469e37df5d7589e995a8e
11_Sensitivity_Analysis/Historical_Raw_Workspace_Core/refinement_docking_out/COMBO_030_R21.txt,225,838c4eaacc6a999a06f381f77933c7cde635c98797ece0a6ec82ca6c4733dc23
11_Sensitivity_Analysis/Historical_Raw_Workspace_Core/refinement_docking_out/COMBO_030_R22.txt,225,27fbc3b9a64e2686215df69d2561a1ef9416cac928303ad7abf1e4cc43d7198b
11_Sensitivity_Analysis/Historical_Raw_Workspace_Core/refinement_docking_out/COMBO_030_R23.txt,226,a695e882cbff806ba2466ef8c6715ddb86bbcef033fae37a5574e6ecf763079c
11_Sensitivity_Analysis/Historical_Raw_Workspace_Core/refinement_docking_out/COMBO_030_R24.txt,226,604c0735cd531540d35ae89c47bb4303d26a46092c7ccd74e93f77c46b430934
11_Sensitivity_Analysis/Historical_Raw_Workspace_Core/refinement_docking_out/COMBO_030_R25.txt,225,23774a86e7e79dd4193e5e924014cf0a57fd8c5965e896e4de52abac3e6149ee
11_Sensitivity_Analysis/Historical_Raw_Workspace_Core/refinement_docking_out/COMBO_030_R26.txt,225,70549f797b0e78d800794b5a26b890081e07fc555475f898417dca8ad9b758b5
11_Sensitivity_Analysis/Historical_Raw_Workspace_Core/refinement_docking_out/COMBO_030_R27.txt,224,33cc5ff1b7a4587795c4625c9bbe530773dbab0bbe072a3f09c1ccbd9de2c1bf
11_Sensitivity_Analysis/Historical_Raw_Workspace_Core/refinement_docking_out/COMBO_030_R28.txt,225,d21af76c05779bdbb8071341477da24faaeaa491a85bd0a5cdd3fd3893471781
11_Sensitivity_Analysis/Historical_Raw_Workspace_Core/refinement_docking_out/COMBO_030_R29.txt,225,d6c698cf5a48f9ae32cb71ad49a5957befc0660e5daaef1f709acb527cf750af
11_Sensitivity_Analysis/Historical_Raw_Workspace_Core/refinement_docking_out/COMBO_030_R30.txt,224,f5bcd922702ed32186c274b1abcfc74ac88a1ef706eeb6e506d0e8cbc122269d
11_Sensitivity_Analysis/Historical_Raw_Workspace_Core/refinement_docking_out/COMBO_031_R01.txt,224,6e0ae7966bc505621b520e48e5549a59d08bbf86e7abcdab3fb1c15fca7cda5b
11_Sensitivity_Analysis/Historical_Raw_Workspace_Core/refinement_docking_out/COMBO_031_R02.txt,224,1791dd34434fe3345ac7576d673b592793dc88685753cbe33971c8bad9b9ee99
11_Sensitivity_Analysis/Historical_Raw_Workspace_Core/refinement_docking_out/COMBO_031_R03.txt,224,37f88fd9e53d372dfe7c7ff91307225a9efafa2b3bdc584d1cdf4a3f829d4586
11_Sensitivity_Analysis/Historical_Raw_Workspace_Core/refinement_docking_out/COMBO_031_R04.txt,225,dbd42dd0da5f365521e7741c1a4eae0336cb60bedf5a1f87d255ecb5c0ee57d6
11_Sensitivity_Analysis/Historical_Raw_Workspace_Core/refinement_docking_out/COMBO_031_R05.txt,224,b36294f869164c0f7b3869358a1b6d4b9f3c5c65e7fe4597855374e37ad661e5
11_Sensitivity_Analysis/Historical_Raw_Workspace_Core/refinement_docking_out/COMBO_031_R06.txt,224,2b59adbb0f53c18365187ada5824531039c0da8077a467f68abbb2c69a41a17d
11_Sensitivity_Analysis/Historical_Raw_Workspace_Core/refinement_docking_out/COMBO_031_R07.txt,223,8f988fe6a6c4c497c35d92d6f3353bb1572414cc4102a491f00edb49a74c99c7
11_Sensitivity_Analysis/Historical_Raw_Workspace_Core/refinement_docking_out/COMBO_031_R08.txt,224,a75b7410826ac3fe975699f177278e4e99838aed8701d2dc2d17104d12b0a0c7
11_Sensitivity_Analysis/Historical_Raw_Workspace_Core/refinement_docking_out/COMBO_031_R09.txt,224,2e5a4179ef640f748704ebef8f630b1e9105698c59b2b2a7a7a89055bcac7479
11_Sensitivity_Analysis/Historical_Raw_Workspace_Core/refinement_docking_out/COMBO_031_R10.txt,224,56e06a3e91eae7ab397156caf2dbf1664bf8c85f9f39fc9ab10d6a783bbf59ed
11_Sensitivity_Analysis/Historical_Raw_Workspace_Core/refinement_docking_out/COMBO_031_R11.txt,224,bd0713c30b34a9abc14a06c99408cab4f70b56345828415588f344af7fb28757
11_Sensitivity_Analysis/Historical_Raw_Workspace_Core/refinement_docking_out/COMBO_031_R12.txt,224,c927c0fbc11c7de04183e9b28b7fc8036cb5689de1d82e828be79cf41b281ac1
11_Sensitivity_Analysis/Historical_Raw_Workspace_Core/refinement_docking_out/COMBO_031_R13.txt,225,f316d08c308e448f185fee0f07d4cd9678acd825991c046c3b11790409947889
11_Sensitivity_Analysis/Historical_Raw_Workspace_Core/refinement_docking_out/COMBO_031_R14.txt,226,ea9cc83eb79d48a84e5db5406aa2141e39274c404f15db5b90925c75b1271d4d
11_Sensitivity_Analysis/Historical_Raw_Workspace_Core/refinement_docking_out/COMBO_031_R15.txt,223,c5396f765c7b01b9cfaf43e4c7e54f80140de165d8caafd6ad3abb5f7f63059a
11_Sensitivity_Analysis/Historical_Raw_Workspace_Core/refinement_docking_out/COMBO_031_R16.txt,224,6946767419da48ec4b1c96cbeb256eeb84ce76a10895cd32597b0a9208899201
11_Sensitivity_Analysis/Historical_Raw_Workspace_Core/refinement_docking_out/COMBO_031_R17.txt,225,3de3a254d4236480eb7c6f1971bfa3466556e9f90ee75818238117485af8ab3e
11_Sensitivity_Analysis/Historical_Raw_Workspace_Core/refinement_docking_out/COMBO_031_R18.txt,224,1859878b9b6011e721691f36d8ea78203c6f36791ed2237aa73a9067fddad433
11_Sensitivity_Analysis/Historical_Raw_Workspace_Core/refinement_docking_out/COMBO_031_R19.txt,223,81540ff474c14b592c29c4bbd9b70d09bba5c4f89abc169c747077b788469863
11_Sensitivity_Analysis/Historical_Raw_Workspace_Core/refinement_docking_out/COMBO_031_R20.txt,224,c032ecaa211e14b3ad03fa54ca6e30f9467cdd8e17f49967769e08c1471c90cb
11_Sensitivity_Analysis/Historical_Raw_Workspace_Core/refinement_docking_out/COMBO_031_R21.txt,224,82d3ea8bbe16ce8dd4f9be7f5269bba091cb60751ed0e0e11169752de28cc3ed
11_Sensitivity_Analysis/Historical_Raw_Workspace_Core/refinement_docking_out/COMBO_031_R22.txt,224,0215878c0665056343424f9854f2ccf55414b73a0510e92a0cc1ec94300f9d46
11_Sensitivity_Analysis/Historical_Raw_Workspace_Core/refinement_docking_out/COMBO_031_R23.txt,225,74586b7833fedf20d30ad0970de8b4aadb0043ce622f3e5faad6326fe815296f
11_Sensitivity_Analysis/Historical_Raw_Workspace_Core/refinement_docking_out/COMBO_031_R24.txt,225,e4258026ac7edc2c33b67e30e0684e629d64c7d566781868624b8e24406b7b8a
11_Sensitivity_Analysis/Historical_Raw_Workspace_Core/refinement_docking_out/COMBO_031_R25.txt,224,2f88ee26596632ddcefdebaf1431fc6995e72adfa2a071f564140040c75f6bcc
11_Sensitivity_Analysis/Historical_Raw_Workspace_Core/refinement_docking_out/COMBO_031_R26.txt,223,5eca345910a2436df4d0d1fb529d52bb9de5a4f25e4b68d5f6652277c57f4de8
11_Sensitivity_Analysis/Historical_Raw_Workspace_Core/refinement_docking_out/COMBO_031_R27.txt,224,28f1319d95985ab2cb9a26ac002e1561100afd2001ea19443195adbee10559aa
11_Sensitivity_Analysis/Historical_Raw_Workspace_Core/refinement_docking_out/COMBO_031_R28.txt,224,6ee1cb63ecb659867703e1c2c8bbf32b847dd4db3c4a07621c8733fc44a7f922
11_Sensitivity_Analysis/Historical_Raw_Workspace_Core/refinement_docking_out/COMBO_031_R29.txt,225,580bbf100b45da6cb3f927f2b3a461563f6b796b32de34e4c9ef5630e73fe23b
11_Sensitivity_Analysis/Historical_Raw_Workspace_Core/refinement_docking_out/COMBO_031_R30.txt,223,54717fecc89eca281e5deb99d531e259f90cf61cee2533a849fa03b81436b334
11_Sensitivity_Analysis/Historical_Raw_Workspace_Core/refinement_docking_out/COMBO_044_R01.txt,223,8b0f2b748bf30d7252cfe37414caa959b4247f10b899ae5a44882489b66ae4c8
11_Sensitivity_Analysis/Historical_Raw_Workspace_Core/refinement_docking_out/COMBO_044_R02.txt,223,61742519c98787998e5129d6e183e17c46e6ea9d2fd566fc0cdac87593fc65ce
11_Sensitivity_Analysis/Historical_Raw_Workspace_Core/refinement_docking_out/COMBO_044_R03.txt,223,8049e419de33d91d8f30118eb3dd14f765a6e2646c5cee2cb455d1dc3707db46
11_Sensitivity_Analysis/Historical_Raw_Workspace_Core/refinement_docking_out/COMBO_044_R04.txt,223,9420352a3cff493459112427745b81bd4ae75ad59b77d8b6bbaeff7d32f35c71
11_Sensitivity_Analysis/Historical_Raw_Workspace_Core/refinement_docking_out/COMBO_044_R05.txt,223,0649bbe1b8fec2e352374b0e64901f11ed1c1a5d0310dbb2923c133c0bcd1749
11_Sensitivity_Analysis/Historical_Raw_Workspace_Core/refinement_docking_out/COMBO_044_R06.txt,225,b9a093af7f6884bedc1f75d1901511c42a45099f4840e438cc7f6ad6292fb0d7
11_Sensitivity_Analysis/Historical_Raw_Workspace_Core/refinement_docking_out/COMBO_044_R07.txt,226,031cd36cc5ae2acb49b7f79001d5b8b793329664a60b1d63c9d1459dc75dab16
11_Sensitivity_Analysis/Historical_Raw_Workspace_Core/refinement_docking_out/COMBO_044_R08.txt,225,ddfecdd461cdd4506e75d99b91bb135d355f62886b1c02ee96cc5469140f6860
11_Sensitivity_Analysis/Historical_Raw_Workspace_Core/refinement_docking_out/COMBO_044_R09.txt,224,5f1dea8553f39189cbfc149cb6c3f3cb3e5c5f8074fc3199112815f1fcb55292
11_Sensitivity_Analysis/Historical_Raw_Workspace_Core/refinement_docking_out/COMBO_044_R10.txt,224,fe9728350e446a67aa90b75b4046e13fc773202d83567f13abee7f3e84a4014d
11_Sensitivity_Analysis/Historical_Raw_Workspace_Core/refinement_docking_out/COMBO_044_R11.txt,224,ce9fc473444620457d3761d5f14e5062484b42fdbe4eb5f7df47e160314f2d55
11_Sensitivity_Analysis/Historical_Raw_Workspace_Core/refinement_docking_out/COMBO_044_R12.txt,224,3beab30ea86dbccd01e2226e5a5ae8c52008990efe38656f5b0b57ed1fc471b2
11_Sensitivity_Analysis/Historical_Raw_Workspace_Core/refinement_docking_out/COMBO_044_R13.txt,225,24eb1c570702803891f98baa04d2386f39de4bcbce9cc370eb5c0a546f019c78
11_Sensitivity_Analysis/Historical_Raw_Workspace_Core/refinement_docking_out/COMBO_044_R14.txt,224,c841489e61b337ba599487eb6b48f1bf306cb3b8a9b16219ec4c0bd5fc4e4ba1
11_Sensitivity_Analysis/Historical_Raw_Workspace_Core/refinement_docking_out/COMBO_044_R15.txt,223,27789a63b0a908979087a390559cdab64ea7bae44ef370bd442fb64647b57892
11_Sensitivity_Analysis/Historical_Raw_Workspace_Core/refinement_docking_out/COMBO_044_R16.txt,224,f594c717afc4851bfefe60661aaa57dd3a00d7393e0cd9f7a99cb7726bd220f1
11_Sensitivity_Analysis/Historical_Raw_Workspace_Core/refinement_docking_out/COMBO_044_R17.txt,224,c94e82ed639cd7a5d6018c5e11782f342ea0b58a22a5e4649ee42a8e7f68f75f
11_Sensitivity_Analysis/Historical_Raw_Workspace_Core/refinement_docking_out/COMBO_044_R18.txt,225,905a8281f2bc13cce0f17f711cbedafe38abf98914f4e5595b8bf21e49b68d73
11_Sensitivity_Analysis/Historical_Raw_Workspace_Core/refinement_docking_out/COMBO_044_R19.txt,224,6347a4149da81803abd449671f088ec3dd98566728d3c8e15aaac5f1492f579e
11_Sensitivity_Analysis/Historical_Raw_Workspace_Core/refinement_docking_out/COMBO_044_R20.txt,224,3d2b78bbaacb9469afed680109ecf03a058528d67f55b9fd5b22a8c719b62d6c
11_Sensitivity_Analysis/Historical_Raw_Workspace_Core/refinement_docking_out/COMBO_044_R21.txt,224,f8835d4d865e1f18147c6995e722fc8fc8f2c1ef02b8105bef3c65759bc0c192
11_Sensitivity_Analysis/Historical_Raw_Workspace_Core/refinement_docking_out/COMBO_044_R22.txt,225,28c3b96a0e3f084ad3447535b077997ee33a3c5c61f65daf01d103452da39173
11_Sensitivity_Analysis/Historical_Raw_Workspace_Core/refinement_docking_out/COMBO_044_R23.txt,223,0748816a0b0f3506d951453a3edf1ff122b4cb465b99a8bc51ff86d8b1911027
11_Sensitivity_Analysis/Historical_Raw_Workspace_Core/refinement_docking_out/COMBO_044_R24.txt,224,6fba44687cb7bc6e2792e457c8b4d536d06f6a2e0c3191519fc50317f2075b66
11_Sensitivity_Analysis/Historical_Raw_Workspace_Core/refinement_docking_out/COMBO_044_R25.txt,223,957f1c710d3ab362c6ec94b38e971c9008ef662486549a15dc94220412ae66c9
11_Sensitivity_Analysis/Historical_Raw_Workspace_Core/refinement_docking_out/COMBO_044_R26.txt,225,82b103e9622125c527d09c207818718e924f14bd63b8a9683dd2fffd43ff93ba
11_Sensitivity_Analysis/Historical_Raw_Workspace_Core/refinement_docking_out/COMBO_044_R27.txt,223,6b9f5a3955cb31ee1c510e77face27d599640eaef8f466bdf91fc7dcc6ad5fcb
11_Sensitivity_Analysis/Historical_Raw_Workspace_Core/refinement_docking_out/COMBO_044_R28.txt,226,e37fcd7392dece17a3d13be2a512c5a4b0791640f363f2b318182c42bdb812ce
11_Sensitivity_Analysis/Historical_Raw_Workspace_Core/refinement_docking_out/COMBO_044_R29.txt,224,8cb64898c7519d1e3c8bfc1a2cf2146800e1e0ceb34846977e86a679511bd4f4
11_Sensitivity_Analysis/Historical_Raw_Workspace_Core/refinement_docking_out/COMBO_044_R30.txt,225,eef5a2251c721e67063ceabc0881e956861f39d3b380678ff2fb69b89cb99547
11_Sensitivity_Analysis/Historical_Raw_Workspace_Core/sensitivity_docking/seed_20260921/COMBO_001.txt,358,4a166959c0a62bd09a687873284b1994e783239c19f70a811773fb92c80a856d
11_Sensitivity_Analysis/Historical_Raw_Workspace_Core/sensitivity_docking/seed_20260921/COMBO_002.txt,359,654fde3870ec9c7a1a13d4d43798fb5b8f75eca53e81f20ecd3e05ba2d79e3e9
11_Sensitivity_Analysis/Historical_Raw_Workspace_Core/sensitivity_docking/seed_20260921/COMBO_003.txt,359,48e9a35f18e3837de065de0d8416b531db4b90653eff27c4c7bbbb3f738f36c3
11_Sensitivity_Analysis/Historical_Raw_Workspace_Core/sensitivity_docking/seed_20260921/COMBO_004.txt,361,11bdf67a4bdf2b7fac079fbc97cdd4c565f96555243e01c36b8b917148f043d1
11_Sensitivity_Analysis/Historical_Raw_Workspace_Core/sensitivity_docking/seed_20260921/COMBO_005.txt,360,821a94d63ce23bee2d7dd9b213e573f4dbe66c4c84190cf09cf88da083cb7c90
11_Sensitivity_Analysis/Historical_Raw_Workspace_Core/sensitivity_docking/seed_20260921/COMBO_006.txt,360,980635e9d505b57fc7603e7aca74961169383b3b9e28a0fe1c8057e982241f6e
11_Sensitivity_Analysis/Historical_Raw_Workspace_Core/sensitivity_docking/seed_20260921/COMBO_007.txt,361,78244a5e5a39ae83549877ab8a807ce1c7d2223b27de2ade1ad4f48d6b4298bc
11_Sensitivity_Analysis/Historical_Raw_Workspace_Core/sensitivity_docking/seed_20260921/COMBO_008.txt,359,fee99f60e124bad4c799800e9cc23e35838524fd2349bade2f973176ba013ba8
11_Sensitivity_Analysis/Historical_Raw_Workspace_Core/sensitivity_docking/seed_20260921/COMBO_009.txt,361,06b0dbcdd2197f1140dc956437f1100a6a3e1e2d2c800813cc41c6b06d6f7eab
11_Sensitivity_Analysis/Historical_Raw_Workspace_Core/sensitivity_docking/seed_20260921/COMBO_010.txt,359,91da3712b663979f886a900be4b8a3850d2582aa7f3d1043373930ee8c2fada8
11_Sensitivity_Analysis/Historical_Raw_Workspace_Core/sensitivity_docking/seed_20260921/COMBO_011.txt,360,aac17774f34a2bdd4b3ab19d24a8cfcb724a118bcde74f5e94673d69862d0daa
11_Sensitivity_Analysis/Historical_Raw_Workspace_Core/sensitivity_docking/seed_20260921/COMBO_012.txt,360,7d3873fc447f7c7cb0b04c55f23dd13ccc06d813172785f1fe17f792d6cff82d
11_Sensitivity_Analysis/Historical_Raw_Workspace_Core/sensitivity_docking/seed_20260921/COMBO_013.txt,360,2a360ac217e90b7cd5f3846501b69822975e3d6d5edea83db57897851acc9754
11_Sensitivity_Analysis/Historical_Raw_Workspace_Core/sensitivity_docking/seed_20260921/COMBO_014.txt,358,2b96c3f0dadbdb0df91bee0d54569630d4dff55a0fb32c0c785c52e0a6b330eb
11_Sensitivity_Analysis/Historical_Raw_Workspace_Core/sensitivity_docking/seed_20260921/COMBO_015.txt,358,365e51c142b90ae969a293fa24e3c8872343ae28be070f6edf110076f193f364
11_Sensitivity_Analysis/Historical_Raw_Workspace_Core/sensitivity_docking/seed_20260921/COMBO_016.txt,358,2a3ad91b75b9088a49984b74c57f8415f25a511ca6d5a8b451d7b700ed99309b
11_Sensitivity_Analysis/Historical_Raw_Workspace_Core/sensitivity_docking/seed_20260921/COMBO_017.txt,358,b3e7a6e3e283bf0f836af1cf5610e3b97060f0a1764ac6b8519a35fde6927c10
11_Sensitivity_Analysis/Historical_Raw_Workspace_Core/sensitivity_docking/seed_20260921/COMBO_018.txt,358,a7b00e33859b30bdd51e5b2ea762c2380bcc2915d1b0c65c47c36153ac55c28e
11_Sensitivity_Analysis/Historical_Raw_Workspace_Core/sensitivity_docking/seed_20260921/COMBO_019.txt,359,25056ba0f542af791822365911934a552c96789ca6a72773cff2de19d4c18609
11_Sensitivity_Analysis/Historical_Raw_Workspace_Core/sensitivity_docking/seed_20260921/COMBO_020.txt,360,9aa501f9a537801f20761cbe0d630757ecbfdfaec35f8a6be2e610b4bb081dbe
11_Sensitivity_Analysis/Historical_Raw_Workspace_Core/sensitivity_docking/seed_20260921/COMBO_021.txt,359,151a1d02043fef06bec6ce1c490aac0d52c73aac9ef4ba84a2e7984b37ea0126
11_Sensitivity_Analysis/Historical_Raw_Workspace_Core/sensitivity_docking/seed_20260921/COMBO_022.txt,360,5aaacdff860a37f4a2ce6415124b2dd2f5fd8bb79bfe9ec94402d23f5619cb74
11_Sensitivity_Analysis/Historical_Raw_Workspace_Core/sensitivity_docking/seed_20260921/COMBO_023.txt,360,7dbff2857b98e6041d6ec012127b2da5567973e325707bd4e60c37d7648a6fb2
11_Sensitivity_Analysis/Historical_Raw_Workspace_Core/sensitivity_docking/seed_20260921/COMBO_024.txt,358,6e458235d474ee9e4c098f210283e935c8fd5d425fa6e2836d4ae4a11c0eecc9
11_Sensitivity_Analysis/Historical_Raw_Workspace_Core/sensitivity_docking/seed_20260921/COMBO_025.txt,360,8080cd20c8951e2bb4b53df56abb7911e5e827454bd940ebd12ad112e03be944
11_Sensitivity_Analysis/Historical_Raw_Workspace_Core/sensitivity_docking/seed_20260921/COMBO_026.txt,359,66c04d33a3d3b26f883cabeb958e836d1580e9ea1808c4417f969130cdaa3019
11_Sensitivity_Analysis/Historical_Raw_Workspace_Core/sensitivity_docking/seed_20260921/COMBO_027.txt,360,cc3aff1f0fe743e5cb0cf54810ef6dd93287abcb710bd5260e4c5df65691d0b0
11_Sensitivity_Analysis/Historical_Raw_Workspace_Core/sensitivity_docking/seed_20260921/COMBO_028.txt,360,b440c1ed861681f51e117036a7a01ef3e7938b5f7891b02b7f53ce16840ce16a
11_Sensitivity_Analysis/Historical_Raw_Workspace_Core/sensitivity_docking/seed_20260921/COMBO_029.txt,359,2b44c195befa4033f8487fe23566290513cc6dfa8c89c45dae831ee0b7e30428
11_Sensitivity_Analysis/Historical_Raw_Workspace_Core/sensitivity_docking/seed_20260921/COMBO_030.txt,359,5506b0fe17f740652373c203633c4c884ace239038d875ab4e8bf2312b39d618
11_Sensitivity_Analysis/Historical_Raw_Workspace_Core/sensitivity_docking/seed_20260921/COMBO_031.txt,360,86207960c34d52d4aecc5c2a47855fd4359330d6a8d5f438ba143a36d227c0bc
11_Sensitivity_Analysis/Historical_Raw_Workspace_Core/sensitivity_docking/seed_20260921/COMBO_032.txt,359,b0cc9153c75f5e2d914e05cb3b093c9ef5e949164f351d99fbac039551fac94e
11_Sensitivity_Analysis/Historical_Raw_Workspace_Core/sensitivity_docking/seed_20260921/COMBO_033.txt,361,0d9767cf4787a719ef88b8bf28b08f839c70883cca8dba40980e2b24b1cc7b48
11_Sensitivity_Analysis/Historical_Raw_Workspace_Core/sensitivity_docking/seed_20260921/COMBO_034.txt,359,5003a31e2c21bfe7f907f45eec81cb422708a271e5002804cc5becbb952ff43f
11_Sensitivity_Analysis/Historical_Raw_Workspace_Core/sensitivity_docking/seed_20260921/COMBO_035.txt,358,adbbe96f071104a39e27786b244fac7e9c5442ef10f7b7e5836195b4dba5a72f
11_Sensitivity_Analysis/Historical_Raw_Workspace_Core/sensitivity_docking/seed_20260921/COMBO_036.txt,360,75ef5bfb1c68cf885ef92e37c9b880d97ee8c0b78e7ae90092f38247e8587fcf
11_Sensitivity_Analysis/Historical_Raw_Workspace_Core/sensitivity_docking/seed_20260921/COMBO_037.txt,360,d45349cc979543c3d8970a88caca7c78de3bd43a765ee02a13864d39d75ae5ad
11_Sensitivity_Analysis/Historical_Raw_Workspace_Core/sensitivity_docking/seed_20260921/COMBO_038.txt,358,ddfb06fabc0c9924478755324ff549f0ebaa8c7b8999b11345afd9dacbee3f36
11_Sensitivity_Analysis/Historical_Raw_Workspace_Core/sensitivity_docking/seed_20260921/COMBO_039.txt,358,55a2f2338f2d0c0cb0357bd35decbed55d62111d3a354e1c3604ace91e081cce
11_Sensitivity_Analysis/Historical_Raw_Workspace_Core/sensitivity_docking/seed_20260921/COMBO_040.txt,361,94249904fa17cf980ea7817be7adef6470e511644dff9a78812d8dc7a0245bd4
11_Sensitivity_Analysis/Historical_Raw_Workspace_Core/sensitivity_docking/seed_20260921/COMBO_041.txt,360,a4c21eb4b0154f5ea22436f5067d82b1b5754448660e6044aa0b002fb4698f2c
11_Sensitivity_Analysis/Historical_Raw_Workspace_Core/sensitivity_docking/seed_20260921/COMBO_042.txt,360,e333fb473dffbf08bed51cfe1b805f9eb87808059b448a4c863e7e41facbba74
11_Sensitivity_Analysis/Historical_Raw_Workspace_Core/sensitivity_docking/seed_20260921/COMBO_043.txt,359,87202c4b0fd59aaa4c22e0253e934e7f569f9c9ab351535acfe212c01cd7decb
11_Sensitivity_Analysis/Historical_Raw_Workspace_Core/sensitivity_docking/seed_20260921/COMBO_044.txt,360,a4e276b25881d728612130e59333560981872c2cdd337564ce76ca1cec1a183a
11_Sensitivity_Analysis/Historical_Raw_Workspace_Core/sensitivity_docking/seed_20260921/COMBO_045.txt,361,9254b0f5641712f23be80739a35c0dafc0f81f564523b5135133f4ca42f3c7fe
11_Sensitivity_Analysis/Historical_Raw_Workspace_Core/sensitivity_docking/seed_20260921/COMBO_046.txt,360,ff4d852c37d9775c5771bbd809a35ee83ef528f2396fe9efc380dd23b5341e36
11_Sensitivity_Analysis/Historical_Raw_Workspace_Core/sensitivity_docking/seed_20260921/COMBO_047.txt,359,923b01cfed88a5ab72787bf55490e68d78d08d2fa4b57c47b001212c72810f2b
11_Sensitivity_Analysis/Historical_Raw_Workspace_Core/sensitivity_docking/seed_20260921/COMBO_048.txt,358,5473cb87169a6517eab50a78fa0db0ec783ffdc4d65037b0fa4aa448415f6ae3
11_Sensitivity_Analysis/Historical_Raw_Workspace_Core/sensitivity_docking/seed_20260922/COMBO_001.txt,360,3f4159973f749969093383a46449247961ea526eb7f515e05096545d1e047c12
11_Sensitivity_Analysis/Historical_Raw_Workspace_Core/sensitivity_docking/seed_20260922/COMBO_002.txt,360,ea22a2bd0c5b9f0aa235e6fe4ce4d96414f26a5bb77ffded6d1aebe6dfe83bea
11_Sensitivity_Analysis/Historical_Raw_Workspace_Core/sensitivity_docking/seed_20260922/COMBO_003.txt,360,e9dfed7154f45bd4fa6bb2da4a685ae80a9965ddc2717c465942b05793e4448f
11_Sensitivity_Analysis/Historical_Raw_Workspace_Core/sensitivity_docking/seed_20260922/COMBO_004.txt,360,d586fc319b09d058455fd7642f042517b1d49aa32e9e68e61794a030fa9c0610
11_Sensitivity_Analysis/Historical_Raw_Workspace_Core/sensitivity_docking/seed_20260922/COMBO_005.txt,361,6da7c3dab61dc329f0550d787acd04e49d6ab1970417729c6e8db696d8fdcb24
11_Sensitivity_Analysis/Historical_Raw_Workspace_Core/sensitivity_docking/seed_20260922/COMBO_006.txt,361,f5e6332851b2e69f1348eb2d06d9fe13432e7dc4446fb0689b0822d4d36491d9
11_Sensitivity_Analysis/Historical_Raw_Workspace_Core/sensitivity_docking/seed_20260922/COMBO_007.txt,359,56aa59a09bc0a949a8be9c9375e3ea186a055e573fdaacabae1af89651361b5a
11_Sensitivity_Analysis/Historical_Raw_Workspace_Core/sensitivity_docking/seed_20260922/COMBO_008.txt,360,ddafac43e525c2ab4964463c26c10dcba575e7cd3d50dd2721c6e292b6c54721
11_Sensitivity_Analysis/Historical_Raw_Workspace_Core/sensitivity_docking/seed_20260922/COMBO_009.txt,361,0cb9db17857eb9cee03e1ee1dbcbda8bbe62dcf546d0217bbb72dfcbf47c50e8
11_Sensitivity_Analysis/Historical_Raw_Workspace_Core/sensitivity_docking/seed_20260922/COMBO_010.txt,360,2f3baa6f0bbd26bb546968ba805b4ade819bcca4fab55f4ee805d8faa7b04b07
11_Sensitivity_Analysis/Historical_Raw_Workspace_Core/sensitivity_docking/seed_20260922/COMBO_011.txt,360,9df3f34ee5d94cfb9d1ad39afabdaba63618ad52a01da2b79b75fd9dce566b5f
11_Sensitivity_Analysis/Historical_Raw_Workspace_Core/sensitivity_docking/seed_20260922/COMBO_012.txt,360,075b961caf197dd20c2979c9af25284ce4afa85445cf5ee60e8f402b755158ba
11_Sensitivity_Analysis/Historical_Raw_Workspace_Core/sensitivity_docking/seed_20260922/COMBO_013.txt,359,5693907c1db36c98a80fcf1f53ba243a8d08400aa1d31f95eddd5c9efb2ad40a
11_Sensitivity_Analysis/Historical_Raw_Workspace_Core/sensitivity_docking/seed_20260922/COMBO_014.txt,359,c7ce0c004b22518cee458ea5d1f8d991b8976da830a3b39e30837754c7cde98d
11_Sensitivity_Analysis/Historical_Raw_Workspace_Core/sensitivity_docking/seed_20260922/COMBO_015.txt,360,48e2d2c4b44b5d8f794c166bd7e9fb6e9221224bd191a1e981d9933914ea64e4
11_Sensitivity_Analysis/Historical_Raw_Workspace_Core/sensitivity_docking/seed_20260922/COMBO_016.txt,359,ba56781909dcbbdb28f61314c53e446ec29b2cc88bdcee98ebb4fa8b1d817430
11_Sensitivity_Analysis/Historical_Raw_Workspace_Core/sensitivity_docking/seed_20260922/COMBO_017.txt,361,5a9a4dc8aecb5e6a08a0596d3236c7d2e4be9135f1622be322625ce4bf40a768
11_Sensitivity_Analysis/Historical_Raw_Workspace_Core/sensitivity_docking/seed_20260922/COMBO_018.txt,359,399c5e9c46d81ab0b45243cc454b5db2b7faab5a8294625121318a49c40a4a14
11_Sensitivity_Analysis/Historical_Raw_Workspace_Core/sensitivity_docking/seed_20260922/COMBO_019.txt,358,b12ba6bf157b414fd34f6d7b2c3eca1c1e600611c67dc2a668ef57755bf3e2c0
11_Sensitivity_Analysis/Historical_Raw_Workspace_Core/sensitivity_docking/seed_20260922/COMBO_020.txt,359,ed4e090e2826bc14adc38a5de07f3f86f92ca5007132b6d1a12a39f91f4730a4
11_Sensitivity_Analysis/Historical_Raw_Workspace_Core/sensitivity_docking/seed_20260922/COMBO_021.txt,358,1d175b7029805dc20489f6271fad5bc6a787aaf40b88ff1ffc3fba39c8c47bf1
11_Sensitivity_Analysis/Historical_Raw_Workspace_Core/sensitivity_docking/seed_20260922/COMBO_022.txt,359,1532c39363fe4b10d76092e0b5c138bf62112eacc719e5edd572852078101ce6
11_Sensitivity_Analysis/Historical_Raw_Workspace_Core/sensitivity_docking/seed_20260922/COMBO_023.txt,358,9eaea9a899ddabf310f06bc75ed1d6362b0212999053fc67141249a81d9c7a1c
11_Sensitivity_Analysis/Historical_Raw_Workspace_Core/sensitivity_docking/seed_20260922/COMBO_024.txt,360,c95da8fd26cd5a979589c1bad636bc6b6fce0de4fc3c2b2e4a14b812ee2e552a
11_Sensitivity_Analysis/Historical_Raw_Workspace_Core/sensitivity_docking/seed_20260922/COMBO_025.txt,358,ca32a591e97498e2c494cfc356591fc6530292f7784d4c126da5b0e8390c019e
11_Sensitivity_Analysis/Historical_Raw_Workspace_Core/sensitivity_docking/seed_20260922/COMBO_026.txt,360,ca5e2f3b871e472ff96d20bcd545acbfc54b4dc1a97bf7736a68013faa02e6ff
11_Sensitivity_Analysis/Historical_Raw_Workspace_Core/sensitivity_docking/seed_20260922/COMBO_027.txt,361,088a46d25f66ef9f002afe3505422cfe51c4e3b2bc28b089027d62c8ad1bc473
11_Sensitivity_Analysis/Historical_Raw_Workspace_Core/sensitivity_docking/seed_20260922/COMBO_028.txt,358,bd32d9f9d5e78e7c2614714c81c344d76a632d4790928c7494f0136b8105dad0
11_Sensitivity_Analysis/Historical_Raw_Workspace_Core/sensitivity_docking/seed_20260922/COMBO_029.txt,359,f9d18426cb000ce7c19a27ea7d21b49d81c52c704a7b8bf059cf39ce4873de8f
11_Sensitivity_Analysis/Historical_Raw_Workspace_Core/sensitivity_docking/seed_20260922/COMBO_030.txt,359,8b7846791160cb7d1f70ae642d2fd2449f0491f7d22f3e60a13fdf080eff7b33
11_Sensitivity_Analysis/Historical_Raw_Workspace_Core/sensitivity_docking/seed_20260922/COMBO_031.txt,360,1786708ffb5e74bc3b9efb7a79568fe9e2a0d6da43f99a74c526c85585833196
11_Sensitivity_Analysis/Historical_Raw_Workspace_Core/sensitivity_docking/seed_20260922/COMBO_032.txt,360,2a6e5dc93eaf9ada4a6e26cc142fd81ed65abb32c96cb0ed8be90d087a9021b0
11_Sensitivity_Analysis/Historical_Raw_Workspace_Core/sensitivity_docking/seed_20260922/COMBO_033.txt,360,9762343f18ca818d0b2b26a85dde4020c923c3f3bfba2ee5a4b50efe0e91ad9d
11_Sensitivity_Analysis/Historical_Raw_Workspace_Core/sensitivity_docking/seed_20260922/COMBO_034.txt,360,92d71d5d6f2aa49b30ca60b6f02e34e39257ba4578bdf524aaafcfbb1ebb7170
11_Sensitivity_Analysis/Historical_Raw_Workspace_Core/sensitivity_docking/seed_20260922/COMBO_035.txt,360,dc00d9e9536c145fbbe0bfc867c06bf42186d33d9fe416e4b9a0d97a9d8bd39b
11_Sensitivity_Analysis/Historical_Raw_Workspace_Core/sensitivity_docking/seed_20260922/COMBO_036.txt,361,e87947b943eec8f3b7c737727ae9a4d4db77f29d6483acaa6ab27bf7ce57e388
11_Sensitivity_Analysis/Historical_Raw_Workspace_Core/sensitivity_docking/seed_20260922/COMBO_037.txt,359,e011447c9d8d6d60ae24ef0572aa925dde91051b3f991c4814a31b2244bc7f51
11_Sensitivity_Analysis/Historical_Raw_Workspace_Core/sensitivity_docking/seed_20260922/COMBO_038.txt,359,db8ec9acf22ebada004091c78cfb7a1c159b84d1917e0f1c00673494184964dd
11_Sensitivity_Analysis/Historical_Raw_Workspace_Core/sensitivity_docking/seed_20260922/COMBO_039.txt,359,6c6a00d8b0c992d0139db4eef4f889eea87c29fdba37e8f7670dfe8976de0e8d
11_Sensitivity_Analysis/Historical_Raw_Workspace_Core/sensitivity_docking/seed_20260922/COMBO_040.txt,361,d056499855102edc34faabbad2f81592132a5f4910333f9216d4a9526574d7fc
11_Sensitivity_Analysis/Historical_Raw_Workspace_Core/sensitivity_docking/seed_20260922/COMBO_041.txt,359,3209c1d78a712bdf180bfa5c04c0082b4654f3497e3b1bc5e75376b4a400443e
11_Sensitivity_Analysis/Historical_Raw_Workspace_Core/sensitivity_docking/seed_20260922/COMBO_042.txt,360,bbc8acdca720b199fe6abc46d67b96148c8c4da79de2b8e052365a4817699d13
11_Sensitivity_Analysis/Historical_Raw_Workspace_Core/sensitivity_docking/seed_20260922/COMBO_043.txt,359,0eb28f1d0385d3fe39de3c70e554e4da7449849d1568da60a24817555bab5fd7
11_Sensitivity_Analysis/Historical_Raw_Workspace_Core/sensitivity_docking/seed_20260922/COMBO_044.txt,358,d12edfe8a0bd739f01355fa28f4f27f9d5ec8f02739e5cf3b53762fb05c64c0e
11_Sensitivity_Analysis/Historical_Raw_Workspace_Core/sensitivity_docking/seed_20260922/COMBO_045.txt,360,16e352e7e031aa70d1646d84172a771ac04727a9b031f0af47bfdee82e0dd6a2
11_Sensitivity_Analysis/Historical_Raw_Workspace_Core/sensitivity_docking/seed_20260922/COMBO_046.txt,360,c043c443134191972edf80617faf003db93d505a62a07f0a8efe350c0aae60d7
11_Sensitivity_Analysis/Historical_Raw_Workspace_Core/sensitivity_docking/seed_20260922/COMBO_047.txt,360,67678560d5b5a45e430cc56b3cc1da87761cb41de1998cce37e0865959d0086e
11_Sensitivity_Analysis/Historical_Raw_Workspace_Core/sensitivity_docking/seed_20260922/COMBO_048.txt,360,b4d4f7d1147f29ed65cad2c202d7e2ae68881a30b80ef71e30ab84902c85511c
11_Sensitivity_Analysis/Historical_Raw_Workspace_Core/sensitivity_docking/seed_20260923/COMBO_001.txt,360,601b9b0a3311f262b18dc1408b3c591396f7d27e9ae1d440f6126721f18c2696
11_Sensitivity_Analysis/Historical_Raw_Workspace_Core/sensitivity_docking/seed_20260923/COMBO_002.txt,359,afbc0010bd35ef5608a9fc6074a8d16b0707bca027b53caa1e5f4e157dc98b8f
11_Sensitivity_Analysis/Historical_Raw_Workspace_Core/sensitivity_docking/seed_20260923/COMBO_003.txt,359,33fe97ceabfa33c5d48d941540ea4a48a8bfcbbc48c312d34063beecd42cacb1
11_Sensitivity_Analysis/Historical_Raw_Workspace_Core/sensitivity_docking/seed_20260923/COMBO_004.txt,359,b8af74e7628b6cf029a5c8076a99d934678f485b4aef6c23d7705d3404a79516
11_Sensitivity_Analysis/Historical_Raw_Workspace_Core/sensitivity_docking/seed_20260923/COMBO_005.txt,360,ad728a85b51b10be170c7ba36b8624efcb86d7daa681e930dd97d71808a9fde8
11_Sensitivity_Analysis/Historical_Raw_Workspace_Core/sensitivity_docking/seed_20260923/COMBO_006.txt,360,d06aa91fd84c65c6bdbb7221b114a749f1fe4577cfc72cff406a6d7f6b2478e4
11_Sensitivity_Analysis/Historical_Raw_Workspace_Core/sensitivity_docking/seed_20260923/COMBO_007.txt,360,6ef19222fca00d8da417abf6cd92ccbb9fdc295794e270601dffaa0ae8c6bad0
11_Sensitivity_Analysis/Historical_Raw_Workspace_Core/sensitivity_docking/seed_20260923/COMBO_008.txt,359,4e3af784420b479174ccbd59ab4a0224362420c8355b79362df1e5a4ef18e6dc
11_Sensitivity_Analysis/Historical_Raw_Workspace_Core/sensitivity_docking/seed_20260923/COMBO_009.txt,360,7d752bf91f122f41ddb99c126a077480b16dcee75cb69751a537c9fe0eddce74
11_Sensitivity_Analysis/Historical_Raw_Workspace_Core/sensitivity_docking/seed_20260923/COMBO_010.txt,360,9dc57d821ae731e071250d575f3d03fe0178691cbc7109a3175920b76ad4e12b
11_Sensitivity_Analysis/Historical_Raw_Workspace_Core/sensitivity_docking/seed_20260923/COMBO_011.txt,358,9f3489ae5c17d20a71aa77a1477b5709e2300756dfb63caa1f011e48fea1adeb
11_Sensitivity_Analysis/Historical_Raw_Workspace_Core/sensitivity_docking/seed_20260923/COMBO_012.txt,358,af3d4b8eb05fadea46a9a7608737cc0e430b3f01a10bba739816fb2f1350e3fa
11_Sensitivity_Analysis/Historical_Raw_Workspace_Core/sensitivity_docking/seed_20260923/COMBO_013.txt,359,262a27ea458d4c4f9924e3cee90d0e6c49ec6c8bf852bc26723d7b44ada2767a
11_Sensitivity_Analysis/Historical_Raw_Workspace_Core/sensitivity_docking/seed_20260923/COMBO_014.txt,359,fcb2660ffd6a414fe9b14f0d989be2d93c52753b42b06b7022fd77fb4e94c5f1
11_Sensitivity_Analysis/Historical_Raw_Workspace_Core/sensitivity_docking/seed_20260923/COMBO_015.txt,360,cc7c55936e865e14b59fcd538a69d9d1bc8c8714525388fa14360e7ffa9920dc
11_Sensitivity_Analysis/Historical_Raw_Workspace_Core/sensitivity_docking/seed_20260923/COMBO_016.txt,359,dd7d1958abd0b9cfb665d98a20c3c436f90f8a725a92bd98a8065849e9e04d23
11_Sensitivity_Analysis/Historical_Raw_Workspace_Core/sensitivity_docking/seed_20260923/COMBO_017.txt,358,164e07137505b4ba5829cfa2a53cbb4bb9be3548495e1982d38987815d26ce2f
11_Sensitivity_Analysis/Historical_Raw_Workspace_Core/sensitivity_docking/seed_20260923/COMBO_018.txt,359,3bf2e5136616e14914a800cfa82f105d9086c975c17a1289c5ef6bbad98bb6bc
11_Sensitivity_Analysis/Historical_Raw_Workspace_Core/sensitivity_docking/seed_20260923/COMBO_019.txt,359,008735a330c653857f3ebe600fba01261771a5edb633c27ec587a5b965449c98
11_Sensitivity_Analysis/Historical_Raw_Workspace_Core/sensitivity_docking/seed_20260923/COMBO_020.txt,360,d37d8d94fd0be0dc192ae2462d4e2264446f7acf4b5313e722df1314ee068002
11_Sensitivity_Analysis/Historical_Raw_Workspace_Core/sensitivity_docking/seed_20260923/COMBO_021.txt,361,92302207da3ffb026c4ad5fd99552b4cc93b09c6c1a25e3f2ee1ec066d7e2324
11_Sensitivity_Analysis/Historical_Raw_Workspace_Core/sensitivity_docking/seed_20260923/COMBO_022.txt,360,f719d1bbd06f5f00c123323e375f40bb6ffdbbd7a9770afd1b6f5f73b0b7e2ab
11_Sensitivity_Analysis/Historical_Raw_Workspace_Core/sensitivity_docking/seed_20260923/COMBO_023.txt,361,8c70d0583371129d8c66eff7c1469dee49f8946e05ff2cc9414f107121993003
11_Sensitivity_Analysis/Historical_Raw_Workspace_Core/sensitivity_docking/seed_20260923/COMBO_024.txt,359,61d7e0080b21a2304ec5d306207490485858b4fabd34f0d24408b81741aa990b
11_Sensitivity_Analysis/Historical_Raw_Workspace_Core/sensitivity_docking/seed_20260923/COMBO_025.txt,359,257e04de1d61dc5cfa45371f6d27278ee3cbbee443aa64d5eb88d04e39933048
11_Sensitivity_Analysis/Historical_Raw_Workspace_Core/sensitivity_docking/seed_20260923/COMBO_026.txt,359,263ee0e4d989ce4443dccdfed0dae5187c54d7060046dbab16387d167dd65630
11_Sensitivity_Analysis/Historical_Raw_Workspace_Core/sensitivity_docking/seed_20260923/COMBO_027.txt,360,15f159343229b1784296ecacc4dcbc6f4a6b4de98f1a398640010ef3eff6fd9f
11_Sensitivity_Analysis/Historical_Raw_Workspace_Core/sensitivity_docking/seed_20260923/COMBO_028.txt,360,e5b0059d8dee41db0579853d5d6f7d0a1d1fbab83f5d7d2908ea3d829e709279
11_Sensitivity_Analysis/Historical_Raw_Workspace_Core/sensitivity_docking/seed_20260923/COMBO_029.txt,360,0ce5dd0528ab6bee328c5ada8ec252d3cca39c9e6bb72e18e632e3e74bb079db
11_Sensitivity_Analysis/Historical_Raw_Workspace_Core/sensitivity_docking/seed_20260923/COMBO_030.txt,360,25be7640652dac654951c13f121c2ae3cee9e3b6ceb9235b26d6620613c45dd1
11_Sensitivity_Analysis/Historical_Raw_Workspace_Core/sensitivity_docking/seed_20260923/COMBO_031.txt,359,05b5b601771f818b4f4e8b6d053c72bbc4b42bbc84250658c1e332778effd9c8
11_Sensitivity_Analysis/Historical_Raw_Workspace_Core/sensitivity_docking/seed_20260923/COMBO_032.txt,360,b0e2d4eef624e72b28cb30350ba30baa85e3251607395917d19181ea2730437d
11_Sensitivity_Analysis/Historical_Raw_Workspace_Core/sensitivity_docking/seed_20260923/COMBO_033.txt,361,a00a8bb29a5a1199c0cba5f6a41ce87c1cae07705b5a82f6abd250743552c762
11_Sensitivity_Analysis/Historical_Raw_Workspace_Core/sensitivity_docking/seed_20260923/COMBO_034.txt,359,f23e46cb7574b02344b203fb8f60ebfb287550ffaafa4c917f183089117196f3
11_Sensitivity_Analysis/Historical_Raw_Workspace_Core/sensitivity_docking/seed_20260923/COMBO_035.txt,361,3dfe958274571779a6e51bbcb22a2109bfdd8a9b03cfef927d9397f8d4b0d2a7
11_Sensitivity_Analysis/Historical_Raw_Workspace_Core/sensitivity_docking/seed_20260923/COMBO_036.txt,359,fc3f4976d1f1cc433956de8256b9a69dbdca27d4e7afac00d8f49069b2059cd3
11_Sensitivity_Analysis/Historical_Raw_Workspace_Core/sensitivity_docking/seed_20260923/COMBO_037.txt,361,1a5f227a78acd55378152c85c0e6678a2998d9596a717b827206715ded075496
11_Sensitivity_Analysis/Historical_Raw_Workspace_Core/sensitivity_docking/seed_20260923/COMBO_038.txt,360,0b0536907d1ccdee87bb4f2d826d60b3b7c0bf4827723a0b18799fee80a3a0e9
11_Sensitivity_Analysis/Historical_Raw_Workspace_Core/sensitivity_docking/seed_20260923/COMBO_039.txt,360,4bc2aa0b6f2a2f32b7aa302fd0ac9f7a5dfec4cde835dfc5f690201fbcadba1e
11_Sensitivity_Analysis/Historical_Raw_Workspace_Core/sensitivity_docking/seed_20260923/COMBO_040.txt,358,f2b60253579d2ae8d7b9d945f25e92f54600c44355c1ca56afc3c1bd69323850
11_Sensitivity_Analysis/Historical_Raw_Workspace_Core/sensitivity_docking/seed_20260923/COMBO_041.txt,359,4c8a375e168525712faf6ca8b3cdbb97c9d46ab3ca5014e146344a89ab685010
11_Sensitivity_Analysis/Historical_Raw_Workspace_Core/sensitivity_docking/seed_20260923/COMBO_042.txt,361,c0c9896d56a10b658f84e2fcba2745ca1d7bd6320381998860ed190bb589440a
11_Sensitivity_Analysis/Historical_Raw_Workspace_Core/sensitivity_docking/seed_20260923/COMBO_043.txt,360,1cc6bb8854235bb531df8340b480979a4fc7ad45500ecc55dc9726729097c977
11_Sensitivity_Analysis/Historical_Raw_Workspace_Core/sensitivity_docking/seed_20260923/COMBO_044.txt,360,6206713c7c35ea7504cd980f4d471914c7f6b346ddb19c7f4efda1be2a2b5ce0
11_Sensitivity_Analysis/Historical_Raw_Workspace_Core/sensitivity_docking/seed_20260923/COMBO_045.txt,361,c3ef748c4c9fa68490c6dc4db25df01276c59efaad678fcc6750430c60097e8c
11_Sensitivity_Analysis/Historical_Raw_Workspace_Core/sensitivity_docking/seed_20260923/COMBO_046.txt,361,b591d3f535042dc50f38756fc9f3ab0277067653a4c9c9dce9ed2aad2fa434f4
11_Sensitivity_Analysis/Historical_Raw_Workspace_Core/sensitivity_docking/seed_20260923/COMBO_047.txt,359,468dd022492b223e5d511f22796d6aaaa328a721d3aa5f636d4c1b1e168961ff
11_Sensitivity_Analysis/Historical_Raw_Workspace_Core/sensitivity_docking/seed_20260923/COMBO_048.txt,360,10493fc5934f7d1592b38c5e5560922234fa418f6786c6be7aa2cf6da8a0e6c1
11_Sensitivity_Analysis/Historical_Raw_Workspace_Core/sensitivity_docking/seed_20260924/COMBO_001.txt,358,9f8c0369f98862a79eb428e6907fba67dfbbc252f649d77c7a3ead71d3045a49
11_Sensitivity_Analysis/Historical_Raw_Workspace_Core/sensitivity_docking/seed_20260924/COMBO_002.txt,359,8eae28f77fada62950202e015047e7eea5c58a68d5dc54a08eb1857fcd505e8e
11_Sensitivity_Analysis/Historical_Raw_Workspace_Core/sensitivity_docking/seed_20260924/COMBO_003.txt,359,2ec4363fac1eeb190acf0d7e600225ad0eadcc03f5f3ab1b9da5d9dbf0ad9ed4
11_Sensitivity_Analysis/Historical_Raw_Workspace_Core/sensitivity_docking/seed_20260924/COMBO_004.txt,359,c9aacd58d9f99f959eff15f9b550892b249fbbc271d6252c43a122f42a908cb7
11_Sensitivity_Analysis/Historical_Raw_Workspace_Core/sensitivity_docking/seed_20260924/COMBO_005.txt,359,be5b61bb1a5752d4c72c7228028f6be5eaefab4242d2fbd2ee4bfe0d2255ca96
11_Sensitivity_Analysis/Historical_Raw_Workspace_Core/sensitivity_docking/seed_20260924/COMBO_006.txt,359,b2bcd571cca278f0cf9a43104b4f9e0dac464b3a4c66a084bd3bbfb09e10a1c1
11_Sensitivity_Analysis/Historical_Raw_Workspace_Core/sensitivity_docking/seed_20260924/COMBO_007.txt,359,184038f8a6c6189faaa5886b4baca3ec875a215de5a208b0402040834c64a440
11_Sensitivity_Analysis/Historical_Raw_Workspace_Core/sensitivity_docking/seed_20260924/COMBO_008.txt,360,bd618666f024195b5261a805af621bffc841129d51a3cbd112e4292df6c08a2b
11_Sensitivity_Analysis/Historical_Raw_Workspace_Core/sensitivity_docking/seed_20260924/COMBO_009.txt,360,ac4fbc3a54a09cf9854d69005915e732736a6f60c92947dce36994b5b35d3e2f
11_Sensitivity_Analysis/Historical_Raw_Workspace_Core/sensitivity_docking/seed_20260924/COMBO_010.txt,359,2333451776be6655227c82c00f0b15ee9643da0c27b6fec3c9701b01b61062e5
11_Sensitivity_Analysis/Historical_Raw_Workspace_Core/sensitivity_docking/seed_20260924/COMBO_011.txt,359,e253cd4c31eb6531d99bcaab66f003bc1d5b5e72457b13a3d65d2ad1bf727202
11_Sensitivity_Analysis/Historical_Raw_Workspace_Core/sensitivity_docking/seed_20260924/COMBO_012.txt,360,7e1befa9ffd9444d53819947dbe93b7136bc147b95ec34e66f442715006cf4b2
11_Sensitivity_Analysis/Historical_Raw_Workspace_Core/sensitivity_docking/seed_20260924/COMBO_013.txt,360,7cb7f51eff98978323c452ae2e3a172a27c571ee1819deabe7f026a93a5d52bd
11_Sensitivity_Analysis/Historical_Raw_Workspace_Core/sensitivity_docking/seed_20260924/COMBO_014.txt,360,045be3323111ea270cc9cd6616fb82b795e40774a2836de20c77227316b4bfd6
11_Sensitivity_Analysis/Historical_Raw_Workspace_Core/sensitivity_docking/seed_20260924/COMBO_015.txt,359,d14740cb97d1c718fcf18a767f141f87ae2560f06ee97bdae6d99b5f2d0f633b
11_Sensitivity_Analysis/Historical_Raw_Workspace_Core/sensitivity_docking/seed_20260924/COMBO_016.txt,358,c4c62f6ccf6ef338e7e8f62d111ff93f29b1ef2356aa6e9ee97b52d55400aaa2
11_Sensitivity_Analysis/Historical_Raw_Workspace_Core/sensitivity_docking/seed_20260924/COMBO_017.txt,358,821e7ee49ff8a32fb1ddc20923b0a78b673b56ee0ae84328f021f12db92523dd
11_Sensitivity_Analysis/Historical_Raw_Workspace_Core/sensitivity_docking/seed_20260924/COMBO_018.txt,359,4ed31217214c2ca22837735225949a0e43c974bddcd9e92cfc273e9d83161694
11_Sensitivity_Analysis/Historical_Raw_Workspace_Core/sensitivity_docking/seed_20260924/COMBO_019.txt,359,c4dae1414673f273a5e86c05d77fcedd2b8185dc91ef006fac77c0405b33e725
11_Sensitivity_Analysis/Historical_Raw_Workspace_Core/sensitivity_docking/seed_20260924/COMBO_020.txt,359,cf07923d20d021e1a3c032b2c4e4f61e3b72bdaca47867610bbc19bb961087d5
11_Sensitivity_Analysis/Historical_Raw_Workspace_Core/sensitivity_docking/seed_20260924/COMBO_021.txt,358,a0c1e5a5fc563bac5c445201305444f93425b8218ba3e92b78bb47b3374492ab
11_Sensitivity_Analysis/Historical_Raw_Workspace_Core/sensitivity_docking/seed_20260924/COMBO_022.txt,360,00bf202c7937967599af0b14d5555ede103f7366303b57557abdd3d383b5ac4d
11_Sensitivity_Analysis/Historical_Raw_Workspace_Core/sensitivity_docking/seed_20260924/COMBO_023.txt,360,451f262a6d442958724aad17b41225b6ca9cbe82694757491241d71de28598d1
11_Sensitivity_Analysis/Historical_Raw_Workspace_Core/sensitivity_docking/seed_20260924/COMBO_024.txt,359,8ff73a2b2881d0c2dad275118d828c5743d7fa31e0cceacb203afb9e03015a52
11_Sensitivity_Analysis/Historical_Raw_Workspace_Core/sensitivity_docking/seed_20260924/COMBO_025.txt,359,688c5131d394ad34b42298c9e13dae1bb6039b1f6ad804f47dc7bd6bfede6f27
11_Sensitivity_Analysis/Historical_Raw_Workspace_Core/sensitivity_docking/seed_20260924/COMBO_026.txt,359,38455a8a40e663a78f6f5fc25c86c91f16747097bcd45bb5abee4001bfaa3957
11_Sensitivity_Analysis/Historical_Raw_Workspace_Core/sensitivity_docking/seed_20260924/COMBO_027.txt,360,6fe0191e78a8daa4b7037d927b0ffa7496640f0dab955f8422bcb81e7781105b
11_Sensitivity_Analysis/Historical_Raw_Workspace_Core/sensitivity_docking/seed_20260924/COMBO_028.txt,359,816ccfab2f0ed778a101c772976b525a9b2c40a5f23147a18407750750b73e0e
11_Sensitivity_Analysis/Historical_Raw_Workspace_Core/sensitivity_docking/seed_20260924/COMBO_029.txt,358,ecb17b722f595c6b1534a1cd3c7e124b72c503240063cd8ebc316d1418896a8a
11_Sensitivity_Analysis/Historical_Raw_Workspace_Core/sensitivity_docking/seed_20260924/COMBO_030.txt,360,e246719ce03547f29bf725bb08a02c67cef359c7d2d0cd3871325db41369ebcf
11_Sensitivity_Analysis/Historical_Raw_Workspace_Core/sensitivity_docking/seed_20260924/COMBO_031.txt,361,2d0eed63990fc5d2f25414557c18707761cb3572b51102e8a1b6452f70f08c37
11_Sensitivity_Analysis/Historical_Raw_Workspace_Core/sensitivity_docking/seed_20260924/COMBO_032.txt,359,177e47be6ae422a98b37bb7e26dd94b076511f23cba5df45c99733d50412a26b
11_Sensitivity_Analysis/Historical_Raw_Workspace_Core/sensitivity_docking/seed_20260924/COMBO_033.txt,360,8a1049d882ba6328581780e56d82a0e93453855cb8d9c31bda56206a8d4f12c6
11_Sensitivity_Analysis/Historical_Raw_Workspace_Core/sensitivity_docking/seed_20260924/COMBO_034.txt,359,dd099464c327d6e69939e6e23f43b8542b4293be2e09c7d6b665d6dd5f366a67
11_Sensitivity_Analysis/Historical_Raw_Workspace_Core/sensitivity_docking/seed_20260924/COMBO_035.txt,360,a3bbd9a611f3c0c366c5009367cf3354355f068c11254b8959b7f355080a71b0
11_Sensitivity_Analysis/Historical_Raw_Workspace_Core/sensitivity_docking/seed_20260924/COMBO_036.txt,359,d654c211dfab1200c38acf9d17c6bb010cf6c7a26676e6df439fe9af836f110f
11_Sensitivity_Analysis/Historical_Raw_Workspace_Core/sensitivity_docking/seed_20260924/COMBO_037.txt,358,1dffde4ecc3d660da9dc162ab22d7c3234bf0fb79b58f19ef6073053bda9da41
11_Sensitivity_Analysis/Historical_Raw_Workspace_Core/sensitivity_docking/seed_20260924/COMBO_038.txt,360,1df7e2f46de2c09c56904d4c44355711b94eef90eba3a59a66318d85cfd493ae
11_Sensitivity_Analysis/Historical_Raw_Workspace_Core/sensitivity_docking/seed_20260924/COMBO_039.txt,358,f94ed3f95c36204731ff3053e622548db6d96256cad56ff368078af774f14abd
11_Sensitivity_Analysis/Historical_Raw_Workspace_Core/sensitivity_docking/seed_20260924/COMBO_040.txt,359,d79583d9ded75bd6597e9804cdd4ca614dbf0639f573ce7b431a51a0da194dda
11_Sensitivity_Analysis/Historical_Raw_Workspace_Core/sensitivity_docking/seed_20260924/COMBO_041.txt,359,5cf6089dea49c3529246e10c64f18c76d81f0a865d96e2fa902f7b64b6c88cca
11_Sensitivity_Analysis/Historical_Raw_Workspace_Core/sensitivity_docking/seed_20260924/COMBO_042.txt,359,2ca0bd4106b1e839415092c8271e55564b1992cd17cae4c383692bcfcf6529cb
11_Sensitivity_Analysis/Historical_Raw_Workspace_Core/sensitivity_docking/seed_20260924/COMBO_043.txt,359,593b0ba29080a6b6908a49388d96f99ebaa942f285089fb54d928640fd5ea4d4
11_Sensitivity_Analysis/Historical_Raw_Workspace_Core/sensitivity_docking/seed_20260924/COMBO_044.txt,358,de8f422156c1d62a283de80648d89907a4f14e9aa97a63e5d1f1b0a3fba7d0e2
11_Sensitivity_Analysis/Historical_Raw_Workspace_Core/sensitivity_docking/seed_20260924/COMBO_045.txt,360,0bf63241b98ddfb9ed669298b8445376d387b3866001e74a50986017e3d1aa5d
11_Sensitivity_Analysis/Historical_Raw_Workspace_Core/sensitivity_docking/seed_20260924/COMBO_046.txt,361,7998df27a864676a9e8362e1b15f8aed5e699c39f75c1f56c7fb4181b8baff39
11_Sensitivity_Analysis/Historical_Raw_Workspace_Core/sensitivity_docking/seed_20260924/COMBO_047.txt,358,87f3604796aaf353b9e7d65e01f988a2a687cc67571091ced7b2129c82766e85
11_Sensitivity_Analysis/Historical_Raw_Workspace_Core/sensitivity_docking/seed_20260924/COMBO_048.txt,359,7473d3d6128757fb5d4b1a73d1a3764d10dd7b66ad3171b70c384f1562b2579c
11_Sensitivity_Analysis/Historical_Raw_Workspace_Core/sensitivity_docking/seed_20260925/COMBO_001.txt,361,908f6e8204b142b5953d2cfb6b4ebfd562284593d1f65f282b1032d69fc5f34f
11_Sensitivity_Analysis/Historical_Raw_Workspace_Core/sensitivity_docking/seed_20260925/COMBO_002.txt,359,8232654475810e97242a35b64b20389948531bbd10caecfc27ba8a4d3c8af003
11_Sensitivity_Analysis/Historical_Raw_Workspace_Core/sensitivity_docking/seed_20260925/COMBO_003.txt,361,d001d8fd16f9ac7cf0c9cc561bd78fcd3e5feae77049d6fd04c95878c3bcc7c7
11_Sensitivity_Analysis/Historical_Raw_Workspace_Core/sensitivity_docking/seed_20260925/COMBO_004.txt,359,905feb8f97eeba54b51527f11ac2060b8d384821de804f2f89b27bd7be3c9b0e
11_Sensitivity_Analysis/Historical_Raw_Workspace_Core/sensitivity_docking/seed_20260925/COMBO_005.txt,360,9d373bcccd0c8bba9b0ccac6b47571b9f6b3c9f1dd4675ffaf9bd3fa1353f591
11_Sensitivity_Analysis/Historical_Raw_Workspace_Core/sensitivity_docking/seed_20260925/COMBO_006.txt,359,3cfb708fbd8cf84ab145d4092954c149334e962939e56d9f437ef04bbc0dc4b9
11_Sensitivity_Analysis/Historical_Raw_Workspace_Core/sensitivity_docking/seed_20260925/COMBO_007.txt,360,32bcffa94d6aa0caa4465f80293fa16098d3c0ab064a56cf304838dd4ff56edf
11_Sensitivity_Analysis/Historical_Raw_Workspace_Core/sensitivity_docking/seed_20260925/COMBO_008.txt,360,b4181947ef489234614eb145bcc5383f782274fde5ed60eb77b15f0be3250cab
11_Sensitivity_Analysis/Historical_Raw_Workspace_Core/sensitivity_docking/seed_20260925/COMBO_009.txt,359,de0336a25b1a36e81af6f368c469ebcd99cbca519c35046b085c617b9ae063db
11_Sensitivity_Analysis/Historical_Raw_Workspace_Core/sensitivity_docking/seed_20260925/COMBO_010.txt,359,a59e3df851c1c6c6d549e8ba48bace95b61908c6f05f31ae9a3f03438a4846a6
11_Sensitivity_Analysis/Historical_Raw_Workspace_Core/sensitivity_docking/seed_20260925/COMBO_011.txt,360,a9b4051b4ad42c0fa09acf77c7a69fcef08fee16e0393ba2b4f26e7dbb288986
11_Sensitivity_Analysis/Historical_Raw_Workspace_Core/sensitivity_docking/seed_20260925/COMBO_012.txt,359,d07a6142b3de9ed23a25b1b507c789fc28eeeea448ff1831acb7149d2734c9ba
11_Sensitivity_Analysis/Historical_Raw_Workspace_Core/sensitivity_docking/seed_20260925/COMBO_013.txt,359,e2907651b4d3ec21b875b35c4fb65050dd72ee454a3d7cdac12ca7bc1443a426
11_Sensitivity_Analysis/Historical_Raw_Workspace_Core/sensitivity_docking/seed_20260925/COMBO_014.txt,359,b2774e7425eb20b2ebecde56b19815a55d4da1eb8ea8d0db8153587b7553cbd1
11_Sensitivity_Analysis/Historical_Raw_Workspace_Core/sensitivity_docking/seed_20260925/COMBO_015.txt,359,3c802f757b794faa433033df496f48ff20c385271bb8c9ffadb19a3a0854b149
11_Sensitivity_Analysis/Historical_Raw_Workspace_Core/sensitivity_docking/seed_20260925/COMBO_016.txt,359,71a4ab1df8196b858a4f73c944d518a9ed93fd1d64be08bbdcd83a0361f63f80
11_Sensitivity_Analysis/Historical_Raw_Workspace_Core/sensitivity_docking/seed_20260925/COMBO_017.txt,359,f4d775d5981efb1db6ebe8dd204a1d1e69e1bcea86122c60880975e6f07585a8
11_Sensitivity_Analysis/Historical_Raw_Workspace_Core/sensitivity_docking/seed_20260925/COMBO_018.txt,361,16dfb43052a4858d8c1ea29ab4c8f3c159a9c0c340f4c68f75cb3d41f41a4895
11_Sensitivity_Analysis/Historical_Raw_Workspace_Core/sensitivity_docking/seed_20260925/COMBO_019.txt,359,0f9eb33ccc448706fe819ebcde78d8d6a716e663d03678fa0be92edede06207b
11_Sensitivity_Analysis/Historical_Raw_Workspace_Core/sensitivity_docking/seed_20260925/COMBO_020.txt,359,219dd4a4b7a885f2334f0d747c489e6fa1d25ca0e4e8f4e072f104684c6340db
11_Sensitivity_Analysis/Historical_Raw_Workspace_Core/sensitivity_docking/seed_20260925/COMBO_021.txt,360,ed4fd07d2d513ca4700d99c6ad962c4b55ceb59072e2465e32687199575656d4
11_Sensitivity_Analysis/Historical_Raw_Workspace_Core/sensitivity_docking/seed_20260925/COMBO_022.txt,361,e39a04e32dd67ef04c04671131ab097b96e317299499fa8f90bf1c748fc32a86
11_Sensitivity_Analysis/Historical_Raw_Workspace_Core/sensitivity_docking/seed_20260925/COMBO_023.txt,360,60b62e5a5b58f16aaad9533f8c3da314edab4c9cc84f800777beac24eeefa722
11_Sensitivity_Analysis/Historical_Raw_Workspace_Core/sensitivity_docking/seed_20260925/COMBO_024.txt,358,c1f457fdadb06b651eebe12f3b5489f2f30461d9b2f639d872ce48fac638552c
11_Sensitivity_Analysis/Historical_Raw_Workspace_Core/sensitivity_docking/seed_20260925/COMBO_025.txt,360,8fa3664343cb944055324ac7ef0d32d326b8cdc0d7ef37e0056815caac24860e
11_Sensitivity_Analysis/Historical_Raw_Workspace_Core/sensitivity_docking/seed_20260925/COMBO_026.txt,359,1caa2b497752718cd86c4e558c1bd653834015570999c0fc7dffa09d895990b3
11_Sensitivity_Analysis/Historical_Raw_Workspace_Core/sensitivity_docking/seed_20260925/COMBO_027.txt,360,75e7f14b5be18a4d568f407a568a8452fb993c96af6c626aa8c097bf5adc4c18
11_Sensitivity_Analysis/Historical_Raw_Workspace_Core/sensitivity_docking/seed_20260925/COMBO_028.txt,360,b2dd4418f97999b0711e71b462fec7b38141bc80fefd16c0c091ac5fbf0f3eed
11_Sensitivity_Analysis/Historical_Raw_Workspace_Core/sensitivity_docking/seed_20260925/COMBO_029.txt,360,b2f986c597ca278928e3ed58c7cf42f4837ee080b665e19e44a0ac2549d2d5a8
11_Sensitivity_Analysis/Historical_Raw_Workspace_Core/sensitivity_docking/seed_20260925/COMBO_030.txt,359,8994d7ec27619971d78dae161262fd66704fa92ffb171d7cc03c350f31841545
11_Sensitivity_Analysis/Historical_Raw_Workspace_Core/sensitivity_docking/seed_20260925/COMBO_031.txt,361,b8f9fe119b993e2c9ee9eee9d71afde805b62946a2c6dc68314e43e8e40796fc
11_Sensitivity_Analysis/Historical_Raw_Workspace_Core/sensitivity_docking/seed_20260925/COMBO_032.txt,361,40e31451816e1ea8228d1a26d7e0562a890d653151f95d06d8d3714749f81827
11_Sensitivity_Analysis/Historical_Raw_Workspace_Core/sensitivity_docking/seed_20260925/COMBO_033.txt,360,06540d85cb23993e83e1795ac316b3da8b3f7adce84b5446b2a2bb032f594de7
11_Sensitivity_Analysis/Historical_Raw_Workspace_Core/sensitivity_docking/seed_20260925/COMBO_034.txt,358,63bf2d0ccdb64bff9c5a6a6ad7bd24732bdfc905e95fcd2496a8a7131c73edfd
11_Sensitivity_Analysis/Historical_Raw_Workspace_Core/sensitivity_docking/seed_20260925/COMBO_035.txt,358,66941665bef98fc33aefee764840140e13c5c68fafbe16214e1bb3f0d3b7b2a7
11_Sensitivity_Analysis/Historical_Raw_Workspace_Core/sensitivity_docking/seed_20260925/COMBO_036.txt,360,920b5fbff569be4e79b6c7f398a654ec2185699e8b3ad607d01e945152203442
11_Sensitivity_Analysis/Historical_Raw_Workspace_Core/sensitivity_docking/seed_20260925/COMBO_037.txt,359,d8437c5fb9609d028ee2cd856609a107ad7b94dca544be43b44d4fe915a4bb7d
11_Sensitivity_Analysis/Historical_Raw_Workspace_Core/sensitivity_docking/seed_20260925/COMBO_038.txt,360,100f12b997a5f4fec9a63cd5efe26b4b8184b0b4eaa924528258ac0eb6581110
11_Sensitivity_Analysis/Historical_Raw_Workspace_Core/sensitivity_docking/seed_20260925/COMBO_039.txt,360,b5353e0874362bf9aa957d5bcaef032cc0ed8f61d7ee64eb11392a2598bc0b9d
11_Sensitivity_Analysis/Historical_Raw_Workspace_Core/sensitivity_docking/seed_20260925/COMBO_040.txt,360,ccbdc08491606b6564b40f505ebed13c6b8b9d60a432e8a099637dca89abe5f1
11_Sensitivity_Analysis/Historical_Raw_Workspace_Core/sensitivity_docking/seed_20260925/COMBO_041.txt,360,eade506dabac824472144d621cd73929f31a08fd3a43b5e3eb21d2af6a71029b
11_Sensitivity_Analysis/Historical_Raw_Workspace_Core/sensitivity_docking/seed_20260925/COMBO_042.txt,359,7e91201c8c0c0f75feb233893fe073fc9e09e156340b508a8e1751c5a190ac57
11_Sensitivity_Analysis/Historical_Raw_Workspace_Core/sensitivity_docking/seed_20260925/COMBO_043.txt,359,fd5fa80bf5b381dddcdc800d2da41db32cca0a9ece379dca9ec416cbbeba132b
11_Sensitivity_Analysis/Historical_Raw_Workspace_Core/sensitivity_docking/seed_20260925/COMBO_044.txt,358,9ce2f788ad92fc44a3c7a0f24b7d3425f8e9d8826de28e3674585c0b6374ea32
11_Sensitivity_Analysis/Historical_Raw_Workspace_Core/sensitivity_docking/seed_20260925/COMBO_045.txt,359,d83f98dbcf312f81ac924a96487052edc3d944acfd7192be7cb2c80fd98a48d2
11_Sensitivity_Analysis/Historical_Raw_Workspace_Core/sensitivity_docking/seed_20260925/COMBO_046.txt,359,7ac842a43b84f2a0b58788f150b285520db9a9d7b59eca6dcf7fef49d6f2f571
11_Sensitivity_Analysis/Historical_Raw_Workspace_Core/sensitivity_docking/seed_20260925/COMBO_047.txt,358,dcde84828fc8fdfc9960b6032101e79cb3f920916ab50eccbf77e7cc6fe27921
11_Sensitivity_Analysis/Historical_Raw_Workspace_Core/sensitivity_docking/seed_20260925/COMBO_048.txt,360,716f5de8ac0e7563f56f14e7f0388c8a88040cfbbd8a80e7e821e6c512f42ca5
11_Sensitivity_Analysis/Historical_Raw_Workspace_Core/two_hotspot_docking_out/COMBO_001.txt,222,5acec2b7052ac824a5a64e4ba53f2d3d893f74bbad8edf06e520b2a7a9297c9e
11_Sensitivity_Analysis/Historical_Raw_Workspace_Core/two_hotspot_docking_out/COMBO_002.txt,220,b0bad3d3fb731b8d8dc160688c61e89b88f999ca78e92d51bbb9a23548a5d7b8
11_Sensitivity_Analysis/Historical_Raw_Workspace_Core/two_hotspot_docking_out/COMBO_003.txt,221,a684b48ab7d98ebbfda51a89d772e5f90f060052d0ae14d63f7c7b9d70d085e7
11_Sensitivity_Analysis/Historical_Raw_Workspace_Core/two_hotspot_docking_out/COMBO_004.txt,220,86e913ec98afbec6cbf29b58a2f94223057d16440917e126b6acc82f966c5a57
11_Sensitivity_Analysis/Historical_Raw_Workspace_Core/two_hotspot_docking_out/COMBO_005.txt,220,a13955bac9b42392b091c59edac24184d9759fb3b1c8b543764c3d055c1fd3bd
11_Sensitivity_Analysis/Historical_Raw_Workspace_Core/two_hotspot_docking_out/COMBO_006.txt,220,07801ba94c877e3b8a8803a1c87ca1281ee6c675e2e16f6f4bc2bbefb5f63bad
11_Sensitivity_Analysis/Historical_Raw_Workspace_Core/two_hotspot_docking_out/COMBO_007.txt,220,17e23124417e61e19dba18a42277304f4db0eb43c2e5819b92a7030d47c58651
11_Sensitivity_Analysis/Historical_Raw_Workspace_Core/two_hotspot_docking_out/COMBO_008.txt,220,4b8bf84b940c0f7f4ac5f2972ccba31d750a9389b28db10abfbeb0e92bbb84a8
11_Sensitivity_Analysis/Historical_Raw_Workspace_Core/two_hotspot_docking_out/COMBO_009.txt,221,8393358019dd0284e8edd74516d5dfe34aaeac92756c17b056a322253c2b82bc
11_Sensitivity_Analysis/Historical_Raw_Workspace_Core/two_hotspot_docking_out/COMBO_010.txt,220,2cbd88b4fe9e7e6d5ba009d982c9ae1a9b643814f19e1c74911596ff17c1dd1d
11_Sensitivity_Analysis/Historical_Raw_Workspace_Core/two_hotspot_docking_out/COMBO_011.txt,220,7f9460cf2b169b18570669e617357c1776dfbbaaba7a2ffba747f931ba99bf33
11_Sensitivity_Analysis/Historical_Raw_Workspace_Core/two_hotspot_docking_out/COMBO_012.txt,222,75ac456248e377a03536e4004b2aa786be5c8f14f9225c56b292cff166b8949a
11_Sensitivity_Analysis/Historical_Raw_Workspace_Core/two_hotspot_docking_out/COMBO_013.txt,219,00e0e9de1e4c57c81606e432031986cba8a430723465a2515b404251186767a9
11_Sensitivity_Analysis/Historical_Raw_Workspace_Core/two_hotspot_docking_out/COMBO_014.txt,219,0b4326918c6302397a477508e1035573f203baa1cfaafa50866fc6ad4017fc24
11_Sensitivity_Analysis/Historical_Raw_Workspace_Core/two_hotspot_docking_out/COMBO_015.txt,220,e0a4668793979d45d8e979926fea9a5b6a488ce2702564aec68fca8dd8d6136f
11_Sensitivity_Analysis/Historical_Raw_Workspace_Core/two_hotspot_docking_out/COMBO_016.txt,221,d6dec43530040e27bd71cfb812d3c64564b861cdf8a5ab378089a821fe065d9c
11_Sensitivity_Analysis/Historical_Raw_Workspace_Core/two_hotspot_docking_out/COMBO_017.txt,219,a3945209a7fcb4636ae04c8a28dc3da071c99ff7cbf2567082d50f382ed0e1f8
11_Sensitivity_Analysis/Historical_Raw_Workspace_Core/two_hotspot_docking_out/COMBO_018.txt,220,f99a4699b48d280c215442d66ba4429489d43baf57a723cb7e65cbaeaf78ef6c
11_Sensitivity_Analysis/Historical_Raw_Workspace_Core/two_hotspot_docking_out/COMBO_019.txt,220,0085a2057ce7f3e8cb6942a8df6a95b2e496daf3162dea94fd38f7f95ac022fc
11_Sensitivity_Analysis/Historical_Raw_Workspace_Core/two_hotspot_docking_out/COMBO_020.txt,222,4fc3a0c1c73c187ce2ee7a4a92a39426457bd19064450d0617da89fc4120e519
11_Sensitivity_Analysis/Historical_Raw_Workspace_Core/two_hotspot_docking_out/COMBO_021.txt,221,bd480b7116e52e141f5593abe59a163b2b6983e79ea02be578ab831519d34e7a
11_Sensitivity_Analysis/Historical_Raw_Workspace_Core/two_hotspot_docking_out/COMBO_022.txt,221,71dc41d03f2ac55df3758400c1c2b0edd4d99170f56f4006e2bf47bd8b8836d2
11_Sensitivity_Analysis/Historical_Raw_Workspace_Core/two_hotspot_docking_out/COMBO_023.txt,220,7b48737b8be9c3e5812cbe8b11e14d3d500983e0d28e14bcbf1e3568765308c8
11_Sensitivity_Analysis/Historical_Raw_Workspace_Core/two_hotspot_docking_out/COMBO_024.txt,220,d8f22a632e49471978df9d769f6806d2a6ac8fd19471da09ef91a7d236419546
11_Sensitivity_Analysis/Historical_Raw_Workspace_Core/two_hotspot_docking_out/COMBO_025.txt,221,f01ad94d40a77c0a583cc9e2fe6e3fa66c4b74dda0b0e94d2bb96e59ecfb1854
11_Sensitivity_Analysis/Historical_Raw_Workspace_Core/two_hotspot_docking_out/COMBO_026.txt,220,c4749e3e68ada53567a241f4e038e112f7da417b9d15f18a62dca33d276a1e03
11_Sensitivity_Analysis/Historical_Raw_Workspace_Core/two_hotspot_docking_out/COMBO_027.txt,222,cb55498b3a1a47105e24a0fca93efcea661545de3bd102a1d72051e9d5db8ba9
11_Sensitivity_Analysis/Historical_Raw_Workspace_Core/two_hotspot_docking_out/COMBO_028.txt,220,3e20ebff86edc5b127a4954d4d0f9299e296625226949e6e4b8cdccf90e6bc10
11_Sensitivity_Analysis/Historical_Raw_Workspace_Core/two_hotspot_docking_out/COMBO_029.txt,219,b768881c0e30ecda560c40c6b3a5fc62bb907fa375f8e6bb87fd3baeb7e85bd0
11_Sensitivity_Analysis/Historical_Raw_Workspace_Core/two_hotspot_docking_out/COMBO_030.txt,221,df89032cb542c32072a2748f67d62d113be8fb8fdc2d278ebf571096e4f8c2aa
11_Sensitivity_Analysis/Historical_Raw_Workspace_Core/two_hotspot_docking_out/COMBO_031.txt,220,fb0324a074a5ca82cff5f4dcbee60bae39e62ab1149734d22998f8c62d07b41a
11_Sensitivity_Analysis/Historical_Raw_Workspace_Core/two_hotspot_docking_out/COMBO_032.txt,221,240562c4ac8381d48db5d49e783551ec295d5fb03e366f08a2e4790573dc6c8d
11_Sensitivity_Analysis/Historical_Raw_Workspace_Core/two_hotspot_docking_out/COMBO_033.txt,219,89ce1386be53df171c6181c96e450921b303b23c6eef0981841095bf34da5130
11_Sensitivity_Analysis/Historical_Raw_Workspace_Core/two_hotspot_docking_out/COMBO_034.txt,220,83a5c23fc6a3e0ebacb3a486ae382d0ff3b7bd1f47c5cab224925abace1e8df5
11_Sensitivity_Analysis/Historical_Raw_Workspace_Core/two_hotspot_docking_out/COMBO_035.txt,219,9ffe204921cc71c7a302da3c7b3da4770dd1f2ceba4e993fbb6b79327db22808
11_Sensitivity_Analysis/Historical_Raw_Workspace_Core/two_hotspot_docking_out/COMBO_036.txt,220,9685f8bb6f0368a359b40d9adccdfdd7471bc1b806bc3cc71fe9f7ba05251660
11_Sensitivity_Analysis/Historical_Raw_Workspace_Core/two_hotspot_docking_out/COMBO_037.txt,221,43e181f8e338a30c03175720f08f8577da6f58bb88a809b145c6ea0e9dd77a82
11_Sensitivity_Analysis/Historical_Raw_Workspace_Core/two_hotspot_docking_out/COMBO_038.txt,221,05b3a6e3df827e46023f0589f1b6b70ceb2cfd3f28ab7c492732f8a4981a2e64
11_Sensitivity_Analysis/Historical_Raw_Workspace_Core/two_hotspot_docking_out/COMBO_039.txt,221,87eb427f96fbd7f69ef403d566d5278f5e03b52c6bc7199dee4801a4096505bc
11_Sensitivity_Analysis/Historical_Raw_Workspace_Core/two_hotspot_docking_out/COMBO_040.txt,221,fa4c59469773090ab217c526f036de503e787de8666ba881468ff2d410d4bf8e
11_Sensitivity_Analysis/Historical_Raw_Workspace_Core/two_hotspot_docking_out/COMBO_041.txt,220,a22beaa1f8b95af8ef0adc75e5e74cd227018f0317a03477ee85ae5823aee16c
11_Sensitivity_Analysis/Historical_Raw_Workspace_Core/two_hotspot_docking_out/COMBO_042.txt,221,1a3e7cf2a6e1d631a385fa4bffca76e221e5c7561c293ea7eed4dad13fc6c1ac
11_Sensitivity_Analysis/Historical_Raw_Workspace_Core/two_hotspot_docking_out/COMBO_043.txt,220,5d9aab85f46e5907d884a9e3905b4b7d5fca705f619e002c8d1b54738ed93a25
11_Sensitivity_Analysis/Historical_Raw_Workspace_Core/two_hotspot_docking_out/COMBO_044.txt,221,6c2e84baabf18d652b2b3989f501461fb070426326497049f600498c3d8ab897
11_Sensitivity_Analysis/Historical_Raw_Workspace_Core/two_hotspot_docking_out/COMBO_045.txt,220,6200c2efbde5cf35ee92e2ecc08a8f338637c21e0fd034e71b9152f02a6cfb2e
11_Sensitivity_Analysis/Historical_Raw_Workspace_Core/two_hotspot_docking_out/COMBO_046.txt,221,ecda16da0b6d58045d56dc3ddcd7bc8ac66aea84daadd90af01e1fde654c9219
11_Sensitivity_Analysis/Historical_Raw_Workspace_Core/two_hotspot_docking_out/COMBO_047.txt,221,1e28236f581f7a387021f1e0bbdcd6d400b03b2d1e4643797b352da04ad1bf8b
11_Sensitivity_Analysis/Historical_Raw_Workspace_Core/two_hotspot_docking_out/COMBO_048.txt,221,c56a1de1297c23af96108c2b184de7712cd55bef759f6acf12d70551cdc28816
11_Sensitivity_Analysis/NUPR1_Supplementary_Sensitivity_Figure.pdf,21490,7df32b155c774b2938d7a3c177efde741d8d880d75ce30ddbad28e48538aca18
11_Sensitivity_Analysis/NUPR1_Supplementary_Sensitivity_Figure.png,562430,ae0d8d725319f3492b51acb859351d043a46ea3e6d5c3f3703bf4a460fd0ca9e
11_Sensitivity_Analysis/NUPR1_Supplementary_Sensitivity_Table.xlsx,18251,754af9217d76c8cc6795e69d7818fcb7954eb204689ec184dea0051ce8b6dd1f
11_Sensitivity_Analysis/combined_288_structural_sensitivity_FROZEN.csv,17403,76bb686c23521c98a5d435a4af77de2910e3acaf3b5d2a9a2e10a2aabcd0c91c
12_v2.6_Revision_Analysis/Figure1_workflow_v1.17.png,235931,9c8d78bf2fe990713f17765811add96c123d738160ecea729d75a1cd625fe590
12_v2.6_Revision_Analysis/Figure2_docking_refinement_v1.17.png,520490,e42f91b53e44b5a5f61b5799de9f4114a6cf2f9e74a0651bac887e70277950b3
12_v2.6_Revision_Analysis/Figure3_structural_interactions_v1.17.png,167131,1bc78f04c80145ee68290058559e858cc99a6489dfe990409cf5d94bfcfdd2d1
12_v2.6_Revision_Analysis/Figure5_rep1_representatives_v1.17.png,223708,cbd8c4fd53622813deb617e898aa5bd78d83278db270e51ae6b39d653fb4dc99
12_v2.6_Revision_Analysis/Figure5_structure_source_data_v2.6.csv,211,e7afe0e1901c1fd6ce03aec49419a19d4542010590f2ac9f7091fbdd451c2fa1
12_v2.6_Revision_Analysis/Figure_S2_REGENERATED.png,396759,43cc3e9c7d3a9c2a81c3eb7f49f6c03cd3c98b943d9c3644e9f229e43514fe1a
12_v2.6_Revision_Analysis/Figure_S2_Rep1_5ns_block_means_v2.6.csv,614,17a0a5e6c11d427aa2fe7bf4084277d76625af7429d02142bdd8c05c19179358
12_v2.6_Revision_Analysis/Figure_S2_Rep1_MIC_interfragment_source_v2.6.csv,573222,390410d86cc7c155fe9f7ecdd0a5ba73a220ee867d830fb6d9c02fe8aa5f6148
12_v2.6_Revision_Analysis/Figure_S2_Rep1_MIC_interfragment_v2.6.png,351355,76de37a1aee0420c6deaafcb2e9befde30cb83a0dfb74ab8e4296fa851df1591
12_v2.6_Revision_Analysis/README_v2.6_NEW_ANALYSES.md,2336,c904fc554d7862ece4a62d9bddebfca86562ccbc0824293f3388c75cdbba282b
12_v2.6_Revision_Analysis/Raw_Rep1_Provenance/COMBO_011_R28_OPC_015M_HMR.prmtop,1348560,f4d285e76382b01854f4bc62a58d3f88ba1362f36051c22e201399785bb6b760
12_v2.6_Revision_Analysis/Raw_Rep1_Provenance/RAW_REP1_DCD_PROVENANCE.csv,273,72e3eaef07052b6f6c8b2b5bcf9399308b064e633d56bb7ed4a3e490940a2639
12_v2.6_Revision_Analysis/Table_S10_refined_pose_clustering_summary.csv,223,900eee6f8666db3be7a9fd7d871cc18163e3c0845b207a26afd5595757520536
12_v2.6_Revision_Analysis/plot_figure_s2.py,905,9946199e9707ae11d4465b7725677edce51b7a3defef88d84d51296b861421c8
12_v2.6_Revision_Analysis/refined_pose_clustering.py,3564,2afd19f2b2340585f3547b2d458ee38f0682ef79b476a3eb3a25630792594235
12_v2.6_Revision_Analysis/refined_pose_clustering_silhouette.csv,147,52b162e7891ddb30db9caf3156deb79658519c98b7bd12da13ec31d20901018a
12_v2.6_Revision_Analysis/refined_pose_clusters.csv,3646,1d3c9a03d42cfc7f459781c25db5e017dc8bcb83c5a0faf660fb5f0bb984ffa5
12_v2.6_Revision_Analysis/refined_pose_rmsd_matrix.csv,209723,dd3cc6960b818706c59963c28f61352a9715894f0cf6f6eb3cb81f2324252257
12_v2.6_Revision_Analysis/rep1_mic_analysis.py,2386,cdba8b68f98211899da6f7beffd703f834034c63b777e144b4ab7b9b38f9493a
CITATION.cff,438,fb3ad36e02d103004917123fcd7ff857e6c85fd7ea1fe0ce4436ac8c4cfe32e7
DATA_LICENSE.md,312,d4758324a84a7f6a3ecb8db1761731382b1f2e1e07d6f758dcac972dead32ea7
LICENSE,1081,a5317ebfbf2a0776e9241e3654c3aede23c0c8a247f78ced6dff3e0c177688ae
README.md,4863,e8e9e61cc24d5b42442a80824e8bdcc0a55b76c6ca2468b5492e083a477ad743
SOFTWARE_VERSIONS.txt,276,c88b59d1282c86a82f1cc0ae14fd862c5aa9528bbe9bed71f1e01b4170383ff0
