Replicate,Peptide_residue_index,Biological_residue,Hotspot,Contact_frames,Total_frames,Occupancy_pct,Mean_minimum_distance_A
Rep1,1,SER31,SLAHS,156,5000,3.12,12.0741
Rep1,2,LEU32,SLAHS,1056,5000,21.12,10.9767
Rep1,3,ALA33,SLAHS,1141,5000,22.82,11.6097
Rep1,4,HIE34,SLAHS,1426,5000,28.52,10.5395
Rep1,5,SER35,SLAHS,381,5000,7.62,10.8932
Rep1,6,LEU66,LVTKL,2275,5000,45.5,8.3875
Rep1,7,VAL67,LVTKL,2360,5000,47.2,8.4795
Rep1,8,THR68,LVTKL,2430,5000,48.6,8.693
Rep1,9,LYS69,LVTKL,1769,5000,35.38,8.572
Rep1,10,LEU70,LVTKL,932,5000,18.64,9.5865
Rep2,1,SER31,SLAHS,230,5000,4.6,8.2405
Rep2,2,LEU32,SLAHS,2097,5000,41.94,6.0328
Rep2,3,ALA33,SLAHS,3258,5000,65.16,5.5097
Rep2,4,HIE34,SLAHS,3849,5000,76.98,5.0171
Rep2,5,SER35,SLAHS,2847,5000,56.94,5.5485
Rep2,6,LEU66,LVTKL,2519,5000,50.38,4.7327
Rep2,7,VAL67,LVTKL,4573,5000,91.46,3.5021
Rep2,8,THR68,LVTKL,4656,5000,93.12,3.395
Rep2,9,LYS69,LVTKL,4787,5000,95.74,3.3415
Rep2,10,LEU70,LVTKL,3667,5000,73.34,4.2684
Rep3,1,SER31,SLAHS,706,5000,14.12,8.0552
Rep3,2,LEU32,SLAHS,2089,5000,41.78,6.3077
Rep3,3,ALA33,SLAHS,1957,5000,39.14,6.4101
Rep3,4,HIE34,SLAHS,3225,5000,64.5,5.5644
Rep3,5,SER35,SLAHS,899,5000,17.98,7.2287
Rep3,6,LEU66,LVTKL,406,5000,8.12,10.6325
Rep3,7,VAL67,LVTKL,1407,5000,28.14,10.2163
Rep3,8,THR68,LVTKL,1381,5000,27.62,9.7795
Rep3,9,LYS69,LVTKL,774,5000,15.48,10.2827
Rep3,10,LEU70,LVTKL,944,5000,18.88,9.8249
